id,source,line,section,requirement,status,code,test,notes
V2.0-L16,docs/enterprise-2.0-requirements.md,16,הוראה ראשית ל-Codex,"יש להמשיך על בסיס הקוד הקיים, לא ליצור פרויקט חדש ולא למחוק יכולות שכבר עובדות.",NOT STARTED,,,טרם אומתה עמידה מלאה בפרט זה; אין להסיק שמימוש בסיסי משלים אותו.
V2.0-L18,docs/enterprise-2.0-requirements.md,18,הוראה ראשית ל-Codex,כל מודול חדש חייב להשתלב עם המודולים הקיימים.,NOT STARTED,,,טרם אומתה עמידה מלאה בפרט זה; אין להסיק שמימוש בסיסי משלים אותו.
V2.0-L22,docs/enterprise-2.0-requirements.md,22,הוראה ראשית ל-Codex,"אין להשתמש בכסף אמיתי, בנתונים רפואיים אמיתיים או בחתימות שמוצגות כאילו הן מאומתות משפטית.",NOT STARTED,,,טרם אומתה עמידה מלאה בפרט זה; אין להסיק שמימוש בסיסי משלים אותו.
V2.0-L34,docs/enterprise-2.0-requirements.md,34,1. לא עוד מערכת CRUD,- יצירת לקוח באמצעות כמה שדות בלבד.,NOT STARTED,,,טרם אומתה עמידה מלאה בפרט זה; אין להסיק שמימוש בסיסי משלים אותו.
V2.0-L35,docs/enterprise-2.0-requirements.md,35,1. לא עוד מערכת CRUD,- יצירת פוליסה באמצעות טופס קצר.,NOT STARTED,,,טרם אומתה עמידה מלאה בפרט זה; אין להסיק שמימוש בסיסי משלים אותו.
V2.0-L36,docs/enterprise-2.0-requirements.md,36,1. לא עוד מערכת CRUD,- תביעה באמצעות סכום ותיאור.,NOT STARTED,,,טרם אומתה עמידה מלאה בפרט זה; אין להסיק שמימוש בסיסי משלים אותו.
V2.0-L37,docs/enterprise-2.0-requirements.md,37,1. לא עוד מערכת CRUD,- אישור תביעה בלחיצת כפתור ללא תהליך מפורט.,NOT STARTED,,,טרם אומתה עמידה מלאה בפרט זה; אין להסיק שמימוש בסיסי משלים אותו.
V2.0-L38,docs/enterprise-2.0-requirements.md,38,1. לא עוד מערכת CRUD,- יצירת מסמך גנרי.,NOT STARTED,,,טרם אומתה עמידה מלאה בפרט זה; אין להסיק שמימוש בסיסי משלים אותו.
V2.0-L39,docs/enterprise-2.0-requirements.md,39,1. לא עוד מערכת CRUD,- פעולות ללא בקרות ותהליכים.,NOT STARTED,,,טרם אומתה עמידה מלאה בפרט זה; אין להסיק שמימוש בסיסי משלים אותו.
V2.0-L45,docs/enterprise-2.0-requirements.md,45,1. לא עוד מערכת CRUD,1. תנאים מקדימים.,NOT STARTED,,,טרם אומתה עמידה מלאה בפרט זה; אין להסיק שמימוש בסיסי משלים אותו.
V2.0-L46,docs/enterprise-2.0-requirements.md,46,1. לא עוד מערכת CRUD,2. בדיקת הרשאות.,NOT STARTED,,,טרם אומתה עמידה מלאה בפרט זה; אין להסיק שמימוש בסיסי משלים אותו.
V2.0-L47,docs/enterprise-2.0-requirements.md,47,1. לא עוד מערכת CRUD,3. שלבי עבודה.,NOT STARTED,,,טרם אומתה עמידה מלאה בפרט זה; אין להסיק שמימוש בסיסי משלים אותו.
V2.0-L48,docs/enterprise-2.0-requirements.md,48,1. לא עוד מערכת CRUD,4. שאלונים וטפסים.,NOT STARTED,,,טרם אומתה עמידה מלאה בפרט זה; אין להסיק שמימוש בסיסי משלים אותו.
V2.0-L49,docs/enterprise-2.0-requirements.md,49,1. לא עוד מערכת CRUD,5. מסמכים נדרשים.,NOT STARTED,,,טרם אומתה עמידה מלאה בפרט זה; אין להסיק שמימוש בסיסי משלים אותו.
V2.0-L50,docs/enterprise-2.0-requirements.md,50,1. לא עוד מערכת CRUD,6. בדיקות אוטומטיות.,NOT STARTED,,,טרם אומתה עמידה מלאה בפרט זה; אין להסיק שמימוש בסיסי משלים אותו.
V2.0-L51,docs/enterprise-2.0-requirements.md,51,1. לא עוד מערכת CRUD,7. חישובים.,NOT STARTED,,,טרם אומתה עמידה מלאה בפרט זה; אין להסיק שמימוש בסיסי משלים אותו.
V2.0-L52,docs/enterprise-2.0-requirements.md,52,1. לא עוד מערכת CRUD,8. החלטות.,NOT STARTED,,,טרם אומתה עמידה מלאה בפרט זה; אין להסיק שמימוש בסיסי משלים אותו.
V2.0-L53,docs/enterprise-2.0-requirements.md,53,1. לא עוד מערכת CRUD,9. אישורים.,NOT STARTED,,,טרם אומתה עמידה מלאה בפרט זה; אין להסיק שמימוש בסיסי משלים אותו.
V2.0-L54,docs/enterprise-2.0-requirements.md,54,1. לא עוד מערכת CRUD,10. שמירת נתונים.,NOT STARTED,,,טרם אומתה עמידה מלאה בפרט זה; אין להסיק שמימוש בסיסי משלים אותו.
V2.0-L55,docs/enterprise-2.0-requirements.md,55,1. לא עוד מערכת CRUD,11. שינוי סטטוסים.,NOT STARTED,,,טרם אומתה עמידה מלאה בפרט זה; אין להסיק שמימוש בסיסי משלים אותו.
V2.0-L56,docs/enterprise-2.0-requirements.md,56,1. לא עוד מערכת CRUD,12. הפקת מסמכים.,NOT STARTED,,,טרם אומתה עמידה מלאה בפרט זה; אין להסיק שמימוש בסיסי משלים אותו.
V2.0-L57,docs/enterprise-2.0-requirements.md,57,1. לא עוד מערכת CRUD,13. תיעוד ביומן ביקורת.,NOT STARTED,,,טרם אומתה עמידה מלאה בפרט זה; אין להסיק שמימוש בסיסי משלים אותו.
V2.0-L58,docs/enterprise-2.0-requirements.md,58,1. לא עוד מערכת CRUD,14. טיפול בחריגים.,NOT STARTED,,,טרם אומתה עמידה מלאה בפרט זה; אין להסיק שמימוש בסיסי משלים אותו.
V2.0-L59,docs/enterprise-2.0-requirements.md,59,1. לא עוד מערכת CRUD,15. אפשרות להמשך טיפול בתהליך שלא הושלם.,NOT STARTED,,,טרם אומתה עמידה מלאה בפרט זה; אין להסיק שמימוש בסיסי משלים אותו.
V2.0-L67,docs/enterprise-2.0-requirements.md,67,2. סביבת עבודה ביטוחית,יש ליצור:,NOT STARTED,,,טרם אומתה עמידה מלאה בפרט זה; אין להסיק שמימוש בסיסי משלים אותו.
V2.0-L69,docs/enterprise-2.0-requirements.md,69,2. סביבת עבודה ביטוחית,- תפריט ניווט ראשי.,NOT STARTED,,,טרם אומתה עמידה מלאה בפרט זה; אין להסיק שמימוש בסיסי משלים אותו.
V2.0-L70,docs/enterprise-2.0-requirements.md,70,2. סביבת עבודה ביטוחית,- סרגל חיפוש גלובלי.,NOT STARTED,,,טרם אומתה עמידה מלאה בפרט זה; אין להסיק שמימוש בסיסי משלים אותו.
V2.0-L71,docs/enterprise-2.0-requirements.md,71,2. סביבת עבודה ביטוחית,- סביבת עבודה מרובת טאבים.,NOT STARTED,,,טרם אומתה עמידה מלאה בפרט זה; אין להסיק שמימוש בסיסי משלים אותו.
V2.0-L72,docs/enterprise-2.0-requirements.md,72,2. סביבת עבודה ביטוחית,- תיק לקוח מרכזי.,NOT STARTED,,,טרם אומתה עמידה מלאה בפרט זה; אין להסיק שמימוש בסיסי משלים אותו.
V2.0-L73,docs/enterprise-2.0-requirements.md,73,2. סביבת עבודה ביטוחית,- תיק פוליסה מרכזי.,NOT STARTED,,,טרם אומתה עמידה מלאה בפרט זה; אין להסיק שמימוש בסיסי משלים אותו.
V2.0-L74,docs/enterprise-2.0-requirements.md,74,2. סביבת עבודה ביטוחית,- תיק תביעה מרכזי.,NOT STARTED,,,טרם אומתה עמידה מלאה בפרט זה; אין להסיק שמימוש בסיסי משלים אותו.
V2.0-L75,docs/enterprise-2.0-requirements.md,75,2. סביבת עבודה ביטוחית,- מסכי תורים.,NOT STARTED,,,טרם אומתה עמידה מלאה בפרט זה; אין להסיק שמימוש בסיסי משלים אותו.
V2.0-L76,docs/enterprise-2.0-requirements.md,76,2. סביבת עבודה ביטוחית,- מסכי אישורים.,NOT STARTED,,,טרם אומתה עמידה מלאה בפרט זה; אין להסיק שמימוש בסיסי משלים אותו.
V2.0-L77,docs/enterprise-2.0-requirements.md,77,2. סביבת עבודה ביטוחית,- מרכז משימות.,NOT STARTED,,,טרם אומתה עמידה מלאה בפרט זה; אין להסיק שמימוש בסיסי משלים אותו.
V2.0-L78,docs/enterprise-2.0-requirements.md,78,2. סביבת עבודה ביטוחית,- מרכז מסמכים.,NOT STARTED,,,טרם אומתה עמידה מלאה בפרט זה; אין להסיק שמימוש בסיסי משלים אותו.
V2.0-L79,docs/enterprise-2.0-requirements.md,79,2. סביבת עבודה ביטוחית,- מרכז התראות.,NOT STARTED,,,טרם אומתה עמידה מלאה בפרט זה; אין להסיק שמימוש בסיסי משלים אותו.
V2.0-L80,docs/enterprise-2.0-requirements.md,80,2. סביבת עבודה ביטוחית,- סביבת מנהלים.,NOT STARTED,,,טרם אומתה עמידה מלאה בפרט זה; אין להסיק שמימוש בסיסי משלים אותו.
V2.0-L81,docs/enterprise-2.0-requirements.md,81,2. סביבת עבודה ביטוחית,- מרכז בקרות.,NOT STARTED,,,טרם אומתה עמידה מלאה בפרט זה; אין להסיק שמימוש בסיסי משלים אותו.
V2.0-L82,docs/enterprise-2.0-requirements.md,82,2. סביבת עבודה ביטוחית,- מנוע פעולות עסקיות.,NOT STARTED,,,טרם אומתה עמידה מלאה בפרט זה; אין להסיק שמימוש בסיסי משלים אותו.
V2.0-L83,docs/enterprise-2.0-requirements.md,83,2. סביבת עבודה ביטוחית,- טפסים רב-שלביים.,NOT STARTED,,,טרם אומתה עמידה מלאה בפרט זה; אין להסיק שמימוש בסיסי משלים אותו.
V2.0-L84,docs/enterprise-2.0-requirements.md,84,2. סביבת עבודה ביטוחית,- מסכי השוואת נתונים.,NOT STARTED,,,טרם אומתה עמידה מלאה בפרט זה; אין להסיק שמימוש בסיסי משלים אותו.
V2.0-L85,docs/enterprise-2.0-requirements.md,85,2. סביבת עבודה ביטוחית,- מסכי חישוב ביטוחי.,NOT STARTED,,,טרם אומתה עמידה מלאה בפרט זה; אין להסיק שמימוש בסיסי משלים אותו.
V2.0-L86,docs/enterprise-2.0-requirements.md,86,2. סביבת עבודה ביטוחית,- היסטוריית פעולות מלאה.,NOT STARTED,,,טרם אומתה עמידה מלאה בפרט זה; אין להסיק שמימוש בסיסי משלים אותו.
V2.0-L90,docs/enterprise-2.0-requirements.md,90,2. סביבת עבודה ביטוחית,"אין להסתפק בדשבורד עם כרטיסיות גדולות. יש ליצור סביבת עבודה צפופה במידה, מקצועית ומפורטת.",NOT STARTED,,,טרם אומתה עמידה מלאה בפרט זה; אין להסיק שמימוש בסיסי משלים אותו.
V2.0-L104,docs/enterprise-2.0-requirements.md,104,3. תהליך הצטרפות חדש,"יש להציג סרגל התקדמות, מצב השלמת שלבים, שגיאות, מסמכים חסרים ופעולות נדרשות.",NOT STARTED,,,טרם אומתה עמידה מלאה בפרט זה; אין להסיק שמימוש בסיסי משלים אותו.
V2.0-L112,docs/enterprise-2.0-requirements.md,112,שלב 1 — פתיחת בקשת הצטרפות,- ערוץ הצטרפות.,NOT STARTED,,,טרם אומתה עמידה מלאה בפרט זה; אין להסיק שמימוש בסיסי משלים אותו.
V2.0-L113,docs/enterprise-2.0-requirements.md,113,שלב 1 — פתיחת בקשת הצטרפות,- תאריך פתיחה.,NOT STARTED,,,טרם אומתה עמידה מלאה בפרט זה; אין להסיק שמימוש בסיסי משלים אותו.
V2.0-L114,docs/enterprise-2.0-requirements.md,114,שלב 1 — פתיחת בקשת הצטרפות,- נציג מטפל.,NOT STARTED,,,טרם אומתה עמידה מלאה בפרט זה; אין להסיק שמימוש בסיסי משלים אותו.
V2.0-L115,docs/enterprise-2.0-requirements.md,115,שלב 1 — פתיחת בקשת הצטרפות,- מקור הפנייה.,NOT STARTED,,,טרם אומתה עמידה מלאה בפרט זה; אין להסיק שמימוש בסיסי משלים אותו.
V2.0-L116,docs/enterprise-2.0-requirements.md,116,שלב 1 — פתיחת בקשת הצטרפות,- סוג בקשה.,NOT STARTED,,,טרם אומתה עמידה מלאה בפרט זה; אין להסיק שמימוש בסיסי משלים אותו.
V2.0-L117,docs/enterprise-2.0-requirements.md,117,שלב 1 — פתיחת בקשת הצטרפות,- מוצר מבוקש.,NOT STARTED,,,טרם אומתה עמידה מלאה בפרט זה; אין להסיק שמימוש בסיסי משלים אותו.
V2.0-L118,docs/enterprise-2.0-requirements.md,118,שלב 1 — פתיחת בקשת הצטרפות,- הערות פנימיות.,NOT STARTED,,,טרם אומתה עמידה מלאה בפרט זה; אין להסיק שמימוש בסיסי משלים אותו.
V2.0-L119,docs/enterprise-2.0-requirements.md,119,שלב 1 — פתיחת בקשת הצטרפות,- רמת דחיפות.,NOT STARTED,,,טרם אומתה עמידה מלאה בפרט זה; אין להסיק שמימוש בסיסי משלים אותו.
V2.0-L120,docs/enterprise-2.0-requirements.md,120,שלב 1 — פתיחת בקשת הצטרפות,"- מזהה לקוח קיים, אם יש.",NOT STARTED,,,טרם אומתה עמידה מלאה בפרט זה; אין להסיק שמימוש בסיסי משלים אותו.
V2.0-L126,docs/enterprise-2.0-requirements.md,126,שלב 2 — זיהוי בעל הפוליסה,יש לבצע חיפוש לקוח קיים לפני פתיחת לקוח חדש.,NOT STARTED,,,טרם אומתה עמידה מלאה בפרט זה; אין להסיק שמימוש בסיסי משלים אותו.
V2.0-L128,docs/enterprise-2.0-requirements.md,128,שלב 2 — זיהוי בעל הפוליסה,"אם לא נמצא לקוח, פתח טופס רישום מפורט.",NOT STARTED,,,טרם אומתה עמידה מלאה בפרט זה; אין להסיק שמימוש בסיסי משלים אותו.
V2.0-L132,docs/enterprise-2.0-requirements.md,132,שלב 2 — זיהוי בעל הפוליסה,- שם פרטי.,NOT STARTED,,,טרם אומתה עמידה מלאה בפרט זה; אין להסיק שמימוש בסיסי משלים אותו.
V2.0-L133,docs/enterprise-2.0-requirements.md,133,שלב 2 — זיהוי בעל הפוליסה,- שם משפחה.,NOT STARTED,,,טרם אומתה עמידה מלאה בפרט זה; אין להסיק שמימוש בסיסי משלים אותו.
V2.0-L134,docs/enterprise-2.0-requirements.md,134,שלב 2 — זיהוי בעל הפוליסה,- סוג מזהה.,NOT STARTED,,,טרם אומתה עמידה מלאה בפרט זה; אין להסיק שמימוש בסיסי משלים אותו.
V2.0-L135,docs/enterprise-2.0-requirements.md,135,שלב 2 — זיהוי בעל הפוליסה,- מספר מזהה.,NOT STARTED,,,טרם אומתה עמידה מלאה בפרט זה; אין להסיק שמימוש בסיסי משלים אותו.
V2.0-L136,docs/enterprise-2.0-requirements.md,136,שלב 2 — זיהוי בעל הפוליסה,- תאריך לידה.,NOT STARTED,,,טרם אומתה עמידה מלאה בפרט זה; אין להסיק שמימוש בסיסי משלים אותו.
V2.0-L137,docs/enterprise-2.0-requirements.md,137,שלב 2 — זיהוי בעל הפוליסה,- טלפון נייד.,NOT STARTED,,,טרם אומתה עמידה מלאה בפרט זה; אין להסיק שמימוש בסיסי משלים אותו.
V2.0-L138,docs/enterprise-2.0-requirements.md,138,שלב 2 — זיהוי בעל הפוליסה,- טלפון נוסף.,NOT STARTED,,,טרם אומתה עמידה מלאה בפרט זה; אין להסיק שמימוש בסיסי משלים אותו.
V2.0-L139,docs/enterprise-2.0-requirements.md,139,שלב 2 — זיהוי בעל הפוליסה,"- דוא""ל.",NOT STARTED,,,טרם אומתה עמידה מלאה בפרט זה; אין להסיק שמימוש בסיסי משלים אותו.
V2.0-L140,docs/enterprise-2.0-requirements.md,140,שלב 2 — זיהוי בעל הפוליסה,- כתובת מלאה.,NOT STARTED,,,טרם אומתה עמידה מלאה בפרט זה; אין להסיק שמימוש בסיסי משלים אותו.
V2.0-L141,docs/enterprise-2.0-requirements.md,141,שלב 2 — זיהוי בעל הפוליסה,- עיר.,NOT STARTED,,,טרם אומתה עמידה מלאה בפרט זה; אין להסיק שמימוש בסיסי משלים אותו.
V2.0-L142,docs/enterprise-2.0-requirements.md,142,שלב 2 — זיהוי בעל הפוליסה,- מיקוד.,NOT STARTED,,,טרם אומתה עמידה מלאה בפרט זה; אין להסיק שמימוש בסיסי משלים אותו.
V2.0-L143,docs/enterprise-2.0-requirements.md,143,שלב 2 — זיהוי בעל הפוליסה,- תאריך עדכון.,NOT STARTED,,,טרם אומתה עמידה מלאה בפרט זה; אין להסיק שמימוש בסיסי משלים אותו.
V2.0-L144,docs/enterprise-2.0-requirements.md,144,שלב 2 — זיהוי בעל הפוליסה,- אמצעי התקשרות מועדף.,NOT STARTED,,,טרם אומתה עמידה מלאה בפרט זה; אין להסיק שמימוש בסיסי משלים אותו.
V2.0-L145,docs/enterprise-2.0-requirements.md,145,שלב 2 — זיהוי בעל הפוליסה,- שפה מועדפת.,NOT STARTED,,,טרם אומתה עמידה מלאה בפרט זה; אין להסיק שמימוש בסיסי משלים אותו.
V2.0-L146,docs/enterprise-2.0-requirements.md,146,שלב 2 — זיהוי בעל הפוליסה,- סטטוס אימות פרטים.,NOT STARTED,,,טרם אומתה עמידה מלאה בפרט זה; אין להסיק שמימוש בסיסי משלים אותו.
V2.0-L147,docs/enterprise-2.0-requirements.md,147,שלב 2 — זיהוי בעל הפוליסה,- הסכמות רלוונטיות.,NOT STARTED,,,טרם אומתה עמידה מלאה בפרט זה; אין להסיק שמימוש בסיסי משלים אותו.
V2.0-L149,docs/enterprise-2.0-requirements.md,149,שלב 2 — זיהוי בעל הפוליסה,"יש להוסיף בדיקות פורמט, כפילויות, שדות חובה והתרעות על מידע חסר.",NOT STARTED,,,טרם אומתה עמידה מלאה בפרט זה; אין להסיק שמימוש בסיסי משלים אותו.
V2.0-L155,docs/enterprise-2.0-requirements.md,155,שלב 3 — פרטי בעל החיים,- שם בעל החיים.,NOT STARTED,,,טרם אומתה עמידה מלאה בפרט זה; אין להסיק שמימוש בסיסי משלים אותו.
V2.0-L156,docs/enterprise-2.0-requirements.md,156,שלב 3 — פרטי בעל החיים,- סוג בעל החיים.,NOT STARTED,,,טרם אומתה עמידה מלאה בפרט זה; אין להסיק שמימוש בסיסי משלים אותו.
V2.0-L157,docs/enterprise-2.0-requirements.md,157,שלב 3 — פרטי בעל החיים,- גזע.,NOT STARTED,,,טרם אומתה עמידה מלאה בפרט זה; אין להסיק שמימוש בסיסי משלים אותו.
V2.0-L158,docs/enterprise-2.0-requirements.md,158,שלב 3 — פרטי בעל החיים,- גזע מעורב או גזעי.,NOT STARTED,,,טרם אומתה עמידה מלאה בפרט זה; אין להסיק שמימוש בסיסי משלים אותו.
V2.0-L159,docs/enterprise-2.0-requirements.md,159,שלב 3 — פרטי בעל החיים,- מין.,NOT STARTED,,,טרם אומתה עמידה מלאה בפרט זה; אין להסיק שמימוש בסיסי משלים אותו.
V2.0-L160,docs/enterprise-2.0-requirements.md,160,שלב 3 — פרטי בעל החיים,- תאריך לידה.,NOT STARTED,,,טרם אומתה עמידה מלאה בפרט זה; אין להסיק שמימוש בסיסי משלים אותו.
V2.0-L161,docs/enterprise-2.0-requirements.md,161,שלב 3 — פרטי בעל החיים,- גיל מחושב.,NOT STARTED,,,טרם אומתה עמידה מלאה בפרט זה; אין להסיק שמימוש בסיסי משלים אותו.
V2.0-L162,docs/enterprise-2.0-requirements.md,162,שלב 3 — פרטי בעל החיים,- משקל.,NOT STARTED,,,טרם אומתה עמידה מלאה בפרט זה; אין להסיק שמימוש בסיסי משלים אותו.
V2.0-L163,docs/enterprise-2.0-requirements.md,163,שלב 3 — פרטי בעל החיים,- צבע.,NOT STARTED,,,טרם אומתה עמידה מלאה בפרט זה; אין להסיק שמימוש בסיסי משלים אותו.
V2.0-L164,docs/enterprise-2.0-requirements.md,164,שלב 3 — פרטי בעל החיים,- מספר שבב.,NOT STARTED,,,טרם אומתה עמידה מלאה בפרט זה; אין להסיק שמימוש בסיסי משלים אותו.
V2.0-L165,docs/enterprise-2.0-requirements.md,165,שלב 3 — פרטי בעל החיים,- תאריך החדרת שבב.,NOT STARTED,,,טרם אומתה עמידה מלאה בפרט זה; אין להסיק שמימוש בסיסי משלים אותו.
V2.0-L166,docs/enterprise-2.0-requirements.md,166,שלב 3 — פרטי בעל החיים,- מצב סירוס או עיקור.,NOT STARTED,,,טרם אומתה עמידה מלאה בפרט זה; אין להסיק שמימוש בסיסי משלים אותו.
V2.0-L167,docs/enterprise-2.0-requirements.md,167,שלב 3 — פרטי בעל החיים,- תאריך סירוס או עיקור.,NOT STARTED,,,טרם אומתה עמידה מלאה בפרט זה; אין להסיק שמימוש בסיסי משלים אותו.
V2.0-L168,docs/enterprise-2.0-requirements.md,168,שלב 3 — פרטי בעל החיים,- שימוש בבעל החיים.,NOT STARTED,,,טרם אומתה עמידה מלאה בפרט זה; אין להסיק שמימוש בסיסי משלים אותו.
V2.0-L169,docs/enterprise-2.0-requirements.md,169,שלב 3 — פרטי בעל החיים,- מקום מגורים עיקרי.,NOT STARTED,,,טרם אומתה עמידה מלאה בפרט זה; אין להסיק שמימוש בסיסי משלים אותו.
V2.0-L170,docs/enterprise-2.0-requirements.md,170,שלב 3 — פרטי בעל החיים,- פרטי וטרינר קבוע.,NOT STARTED,,,טרם אומתה עמידה מלאה בפרט זה; אין להסיק שמימוש בסיסי משלים אותו.
V2.0-L171,docs/enterprise-2.0-requirements.md,171,שלב 3 — פרטי בעל החיים,- מרפאה מטפלת.,NOT STARTED,,,טרם אומתה עמידה מלאה בפרט זה; אין להסיק שמימוש בסיסי משלים אותו.
V2.0-L172,docs/enterprise-2.0-requirements.md,172,שלב 3 — פרטי בעל החיים,- היסטוריית בעלות.,NOT STARTED,,,טרם אומתה עמידה מלאה בפרט זה; אין להסיק שמימוש בסיסי משלים אותו.
V2.0-L173,docs/enterprise-2.0-requirements.md,173,שלב 3 — פרטי בעל החיים,- תאריך אימוץ או רכישה.,NOT STARTED,,,טרם אומתה עמידה מלאה בפרט זה; אין להסיק שמימוש בסיסי משלים אותו.
V2.0-L175,docs/enterprise-2.0-requirements.md,175,שלב 3 — פרטי בעל החיים,"יש לאפשר סימון ""מידע אינו ידוע"", כאשר המוצר מאפשר זאת, ולפתוח משימת השלמה.",NOT STARTED,,,טרם אומתה עמידה מלאה בפרט זה; אין להסיק שמימוש בסיסי משלים אותו.
V2.0-L179,docs/enterprise-2.0-requirements.md,179,שלב 4 — אימות נתוני בעל החיים,יש ליצור תהליך בדיקה הכולל:,NOT STARTED,,,טרם אומתה עמידה מלאה בפרט זה; אין להסיק שמימוש בסיסי משלים אותו.
V2.0-L181,docs/enterprise-2.0-requirements.md,181,שלב 4 — אימות נתוני בעל החיים,- תקינות מספר שבב.,NOT STARTED,,,טרם אומתה עמידה מלאה בפרט זה; אין להסיק שמימוש בסיסי משלים אותו.
V2.0-L182,docs/enterprise-2.0-requirements.md,182,שלב 4 — אימות נתוני בעל החיים,- איתור שבב כפול בתוך המערכת.,NOT STARTED,,,טרם אומתה עמידה מלאה בפרט זה; אין להסיק שמימוש בסיסי משלים אותו.
V2.0-L183,docs/enterprise-2.0-requirements.md,183,שלב 4 — אימות נתוני בעל החיים,- בדיקת גיל.,NOT STARTED,,,טרם אומתה עמידה מלאה בפרט זה; אין להסיק שמימוש בסיסי משלים אותו.
V2.0-L184,docs/enterprise-2.0-requirements.md,184,שלב 4 — אימות נתוני בעל החיים,- בדיקת סוג בעל חיים.,NOT STARTED,,,טרם אומתה עמידה מלאה בפרט זה; אין להסיק שמימוש בסיסי משלים אותו.
V2.0-L185,docs/enterprise-2.0-requirements.md,185,שלב 4 — אימות נתוני בעל החיים,- בדיקת זכאות למוצר.,NOT STARTED,,,טרם אומתה עמידה מלאה בפרט זה; אין להסיק שמימוש בסיסי משלים אותו.
V2.0-L186,docs/enterprise-2.0-requirements.md,186,שלב 4 — אימות נתוני בעל החיים,- בדיקת פוליסות קיימות.,NOT STARTED,,,טרם אומתה עמידה מלאה בפרט זה; אין להסיק שמימוש בסיסי משלים אותו.
V2.0-L187,docs/enterprise-2.0-requirements.md,187,שלב 4 — אימות נתוני בעל החיים,- בדיקת מידע חסר.,NOT STARTED,,,טרם אומתה עמידה מלאה בפרט זה; אין להסיק שמימוש בסיסי משלים אותו.
V2.0-L188,docs/enterprise-2.0-requirements.md,188,שלב 4 — אימות נתוני בעל החיים,- בדיקת חריגים המחייבים חיתום.,NOT STARTED,,,טרם אומתה עמידה מלאה בפרט זה; אין להסיק שמימוש בסיסי משלים אותו.
V2.0-L190,docs/enterprise-2.0-requirements.md,190,שלב 4 — אימות נתוני בעל החיים,אין לבצע חיבור למאגרי שבבים ממשלתיים ללא ממשק מורשה.,NOT STARTED,,,טרם אומתה עמידה מלאה בפרט זה; אין להסיק שמימוש בסיסי משלים אותו.
V2.0-L194,docs/enterprise-2.0-requirements.md,194,שלב 5 — שאלון רפואי כללי,"יש ליצור שאלון רפואי עשיר, דינמי ומפורט.",NOT STARTED,,,טרם אומתה עמידה מלאה בפרט זה; אין להסיק שמימוש בסיסי משלים אותו.
V2.0-L198,docs/enterprise-2.0-requirements.md,198,שלב 5 — שאלון רפואי כללי,- האם בעל החיים סבל בעבר ממחלה כלשהי?,NOT STARTED,,,טרם אומתה עמידה מלאה בפרט זה; אין להסיק שמימוש בסיסי משלים אותו.
V2.0-L199,docs/enterprise-2.0-requirements.md,199,שלב 5 — שאלון רפואי כללי,- האם אובחנה מחלה כרונית?,NOT STARTED,,,טרם אומתה עמידה מלאה בפרט זה; אין להסיק שמימוש בסיסי משלים אותו.
V2.0-L200,docs/enterprise-2.0-requirements.md,200,שלב 5 — שאלון רפואי כללי,- האם עבר ניתוח?,NOT STARTED,,,טרם אומתה עמידה מלאה בפרט זה; אין להסיק שמימוש בסיסי משלים אותו.
V2.0-L201,docs/enterprise-2.0-requirements.md,201,שלב 5 — שאלון רפואי כללי,- האם אושפז?,NOT STARTED,,,טרם אומתה עמידה מלאה בפרט זה; אין להסיק שמימוש בסיסי משלים אותו.
V2.0-L202,docs/enterprise-2.0-requirements.md,202,שלב 5 — שאלון רפואי כללי,- האם טופל במיון וטרינרי?,NOT STARTED,,,טרם אומתה עמידה מלאה בפרט זה; אין להסיק שמימוש בסיסי משלים אותו.
V2.0-L203,docs/enterprise-2.0-requirements.md,203,שלב 5 — שאלון רפואי כללי,- האם קיבל טיפול תרופתי ממושך?,NOT STARTED,,,טרם אומתה עמידה מלאה בפרט זה; אין להסיק שמימוש בסיסי משלים אותו.
V2.0-L204,docs/enterprise-2.0-requirements.md,204,שלב 5 — שאלון רפואי כללי,- האם נוטל תרופות קבועות?,NOT STARTED,,,טרם אומתה עמידה מלאה בפרט זה; אין להסיק שמימוש בסיסי משלים אותו.
V2.0-L205,docs/enterprise-2.0-requirements.md,205,שלב 5 — שאלון רפואי כללי,- האם עבר בדיקות הדמיה?,NOT STARTED,,,טרם אומתה עמידה מלאה בפרט זה; אין להסיק שמימוש בסיסי משלים אותו.
V2.0-L206,docs/enterprise-2.0-requirements.md,206,שלב 5 — שאלון רפואי כללי,- האם קיימת אבחנה רפואית שטרם הסתיים הטיפול בה?,NOT STARTED,,,טרם אומתה עמידה מלאה בפרט זה; אין להסיק שמימוש בסיסי משלים אותו.
V2.0-L207,docs/enterprise-2.0-requirements.md,207,שלב 5 — שאלון רפואי כללי,- האם קיימת המלצה לניתוח עתידי?,NOT STARTED,,,טרם אומתה עמידה מלאה בפרט זה; אין להסיק שמימוש בסיסי משלים אותו.
V2.0-L208,docs/enterprise-2.0-requirements.md,208,שלב 5 — שאלון רפואי כללי,- האם קיימת המלצה לבדיקה נוספת?,NOT STARTED,,,טרם אומתה עמידה מלאה בפרט זה; אין להסיק שמימוש בסיסי משלים אותו.
V2.0-L209,docs/enterprise-2.0-requirements.md,209,שלב 5 — שאלון רפואי כללי,- האם יש תסמינים שלא אובחנו?,NOT STARTED,,,טרם אומתה עמידה מלאה בפרט זה; אין להסיק שמימוש בסיסי משלים אותו.
V2.0-L210,docs/enterprise-2.0-requirements.md,210,שלב 5 — שאלון רפואי כללי,- האם קיימת מגבלה בתנועה?,NOT STARTED,,,טרם אומתה עמידה מלאה בפרט זה; אין להסיק שמימוש בסיסי משלים אותו.
V2.0-L211,docs/enterprise-2.0-requirements.md,211,שלב 5 — שאלון רפואי כללי,- האם בעל החיים מקבל מזון רפואי?,NOT STARTED,,,טרם אומתה עמידה מלאה בפרט זה; אין להסיק שמימוש בסיסי משלים אותו.
V2.0-L212,docs/enterprise-2.0-requirements.md,212,שלב 5 — שאלון רפואי כללי,- האם קיימת אלרגיה ידועה?,NOT STARTED,,,טרם אומתה עמידה מלאה בפרט זה; אין להסיק שמימוש בסיסי משלים אותו.
V2.0-L213,docs/enterprise-2.0-requirements.md,213,שלב 5 — שאלון רפואי כללי,- האם היו פציעות או תאונות משמעותיות?,NOT STARTED,,,טרם אומתה עמידה מלאה בפרט זה; אין להסיק שמימוש בסיסי משלים אותו.
V2.0-L215,docs/enterprise-2.0-requirements.md,215,שלב 5 — שאלון רפואי כללי,"כל תשובת ""כן"" חייבת לפתוח טופס המשך.",NOT STARTED,,,טרם אומתה עמידה מלאה בפרט זה; אין להסיק שמימוש בסיסי משלים אותו.
V2.0-L219,docs/enterprise-2.0-requirements.md,219,שלב 5 — שאלון רפואי כללי,- תאריך הופעת הבעיה.,NOT STARTED,,,טרם אומתה עמידה מלאה בפרט זה; אין להסיק שמימוש בסיסי משלים אותו.
V2.0-L220,docs/enterprise-2.0-requirements.md,220,שלב 5 — שאלון רפואי כללי,- סוג המחלה או הפגיעה.,NOT STARTED,,,טרם אומתה עמידה מלאה בפרט זה; אין להסיק שמימוש בסיסי משלים אותו.
V2.0-L221,docs/enterprise-2.0-requirements.md,221,שלב 5 — שאלון רפואי כללי,- אבחנה.,NOT STARTED,,,טרם אומתה עמידה מלאה בפרט זה; אין להסיק שמימוש בסיסי משלים אותו.
V2.0-L222,docs/enterprise-2.0-requirements.md,222,שלב 5 — שאלון רפואי כללי,- טיפול שניתן.,NOT STARTED,,,טרם אומתה עמידה מלאה בפרט זה; אין להסיק שמימוש בסיסי משלים אותו.
V2.0-L223,docs/enterprise-2.0-requirements.md,223,שלב 5 — שאלון רפואי כללי,- שם המרפאה.,NOT STARTED,,,טרם אומתה עמידה מלאה בפרט זה; אין להסיק שמימוש בסיסי משלים אותו.
V2.0-L224,docs/enterprise-2.0-requirements.md,224,שלב 5 — שאלון רפואי כללי,- תרופות.,NOT STARTED,,,טרם אומתה עמידה מלאה בפרט זה; אין להסיק שמימוש בסיסי משלים אותו.
V2.0-L225,docs/enterprise-2.0-requirements.md,225,שלב 5 — שאלון רפואי כללי,- תוצאות טיפול.,NOT STARTED,,,טרם אומתה עמידה מלאה בפרט זה; אין להסיק שמימוש בסיסי משלים אותו.
V2.0-L226,docs/enterprise-2.0-requirements.md,226,שלב 5 — שאלון רפואי כללי,- מצב נוכחי.,NOT STARTED,,,טרם אומתה עמידה מלאה בפרט זה; אין להסיק שמימוש בסיסי משלים אותו.
V2.0-L227,docs/enterprise-2.0-requirements.md,227,שלב 5 — שאלון רפואי כללי,- האם צפוי טיפול נוסף.,NOT STARTED,,,טרם אומתה עמידה מלאה בפרט זה; אין להסיק שמימוש בסיסי משלים אותו.
V2.0-L228,docs/enterprise-2.0-requirements.md,228,שלב 5 — שאלון רפואי כללי,- צירוף מסמכים.,NOT STARTED,,,טרם אומתה עמידה מלאה בפרט זה; אין להסיק שמימוש בסיסי משלים אותו.
V2.0-L229,docs/enterprise-2.0-requirements.md,229,שלב 5 — שאלון רפואי כללי,- הערות.,NOT STARTED,,,טרם אומתה עמידה מלאה בפרט זה; אין להסיק שמימוש בסיסי משלים אותו.
V2.0-L233,docs/enterprise-2.0-requirements.md,233,שלב 6 — שאלון רפואי לפי מערכות גוף,יש ליצור שאלונים נפרדים לפי קטגוריות רפואיות:,NOT STARTED,,,טרם אומתה עמידה מלאה בפרט זה; אין להסיק שמימוש בסיסי משלים אותו.
V2.0-L235,docs/enterprise-2.0-requirements.md,235,שלב 6 — שאלון רפואי לפי מערכות גוף,1. לב וכלי דם.,NOT STARTED,,,טרם אומתה עמידה מלאה בפרט זה; אין להסיק שמימוש בסיסי משלים אותו.
V2.0-L236,docs/enterprise-2.0-requirements.md,236,שלב 6 — שאלון רפואי לפי מערכות גוף,2. מערכת נשימה.,NOT STARTED,,,טרם אומתה עמידה מלאה בפרט זה; אין להסיק שמימוש בסיסי משלים אותו.
V2.0-L237,docs/enterprise-2.0-requirements.md,237,שלב 6 — שאלון רפואי לפי מערכות גוף,3. מערכת עיכול.,NOT STARTED,,,טרם אומתה עמידה מלאה בפרט זה; אין להסיק שמימוש בסיסי משלים אותו.
V2.0-L238,docs/enterprise-2.0-requirements.md,238,שלב 6 — שאלון רפואי לפי מערכות גוף,4. כבד ולבלב.,NOT STARTED,,,טרם אומתה עמידה מלאה בפרט זה; אין להסיק שמימוש בסיסי משלים אותו.
V2.0-L239,docs/enterprise-2.0-requirements.md,239,שלב 6 — שאלון רפואי לפי מערכות גוף,5. כליות ודרכי שתן.,NOT STARTED,,,טרם אומתה עמידה מלאה בפרט זה; אין להסיק שמימוש בסיסי משלים אותו.
V2.0-L240,docs/enterprise-2.0-requirements.md,240,שלב 6 — שאלון רפואי לפי מערכות גוף,6. מערכת עצבים.,NOT STARTED,,,טרם אומתה עמידה מלאה בפרט זה; אין להסיק שמימוש בסיסי משלים אותו.
V2.0-L241,docs/enterprise-2.0-requirements.md,241,שלב 6 — שאלון רפואי לפי מערכות גוף,7. עצמות ומפרקים.,NOT STARTED,,,טרם אומתה עמידה מלאה בפרט זה; אין להסיק שמימוש בסיסי משלים אותו.
V2.0-L242,docs/enterprise-2.0-requirements.md,242,שלב 6 — שאלון רפואי לפי מערכות גוף,8. שרירים וגידים.,NOT STARTED,,,טרם אומתה עמידה מלאה בפרט זה; אין להסיק שמימוש בסיסי משלים אותו.
V2.0-L243,docs/enterprise-2.0-requirements.md,243,שלב 6 — שאלון רפואי לפי מערכות גוף,9. עור ואלרגיות.,NOT STARTED,,,טרם אומתה עמידה מלאה בפרט זה; אין להסיק שמימוש בסיסי משלים אותו.
V2.0-L244,docs/enterprise-2.0-requirements.md,244,שלב 6 — שאלון רפואי לפי מערכות גוף,10. עיניים.,NOT STARTED,,,טרם אומתה עמידה מלאה בפרט זה; אין להסיק שמימוש בסיסי משלים אותו.
V2.0-L245,docs/enterprise-2.0-requirements.md,245,שלב 6 — שאלון רפואי לפי מערכות גוף,11. אוזניים.,NOT STARTED,,,טרם אומתה עמידה מלאה בפרט זה; אין להסיק שמימוש בסיסי משלים אותו.
V2.0-L246,docs/enterprise-2.0-requirements.md,246,שלב 6 — שאלון רפואי לפי מערכות גוף,12. שיניים וחלל הפה.,NOT STARTED,,,טרם אומתה עמידה מלאה בפרט זה; אין להסיק שמימוש בסיסי משלים אותו.
V2.0-L247,docs/enterprise-2.0-requirements.md,247,שלב 6 — שאלון רפואי לפי מערכות גוף,13. מערכת הורמונלית.,NOT STARTED,,,טרם אומתה עמידה מלאה בפרט זה; אין להסיק שמימוש בסיסי משלים אותו.
V2.0-L248,docs/enterprise-2.0-requirements.md,248,שלב 6 — שאלון רפואי לפי מערכות גוף,14. מחלות מטבוליות.,NOT STARTED,,,טרם אומתה עמידה מלאה בפרט זה; אין להסיק שמימוש בסיסי משלים אותו.
V2.0-L249,docs/enterprise-2.0-requirements.md,249,שלב 6 — שאלון רפואי לפי מערכות גוף,15. מחלות זיהומיות.,NOT STARTED,,,טרם אומתה עמידה מלאה בפרט זה; אין להסיק שמימוש בסיסי משלים אותו.
V2.0-L250,docs/enterprise-2.0-requirements.md,250,שלב 6 — שאלון רפואי לפי מערכות גוף,16. גידולים וסרטן.,NOT STARTED,,,טרם אומתה עמידה מלאה בפרט זה; אין להסיק שמימוש בסיסי משלים אותו.
V2.0-L251,docs/enterprise-2.0-requirements.md,251,שלב 6 — שאלון רפואי לפי מערכות גוף,17. מערכת רבייה.,NOT STARTED,,,טרם אומתה עמידה מלאה בפרט זה; אין להסיק שמימוש בסיסי משלים אותו.
V2.0-L252,docs/enterprise-2.0-requirements.md,252,שלב 6 — שאלון רפואי לפי מערכות גוף,18. התנהגות.,NOT STARTED,,,טרם אומתה עמידה מלאה בפרט זה; אין להסיק שמימוש בסיסי משלים אותו.
V2.0-L253,docs/enterprise-2.0-requirements.md,253,שלב 6 — שאלון רפואי לפי מערכות גוף,19. מחלות תורשתיות.,NOT STARTED,,,טרם אומתה עמידה מלאה בפרט זה; אין להסיק שמימוש בסיסי משלים אותו.
V2.0-L254,docs/enterprise-2.0-requirements.md,254,שלב 6 — שאלון רפואי לפי מערכות גוף,20. מחלות מולדות.,NOT STARTED,,,טרם אומתה עמידה מלאה בפרט זה; אין להסיק שמימוש בסיסי משלים אותו.
V2.0-L262,docs/enterprise-2.0-requirements.md,262,שלב 7 — היסטוריה וטרינרית,יש לאפשר הזנת:,NOT STARTED,,,טרם אומתה עמידה מלאה בפרט זה; אין להסיק שמימוש בסיסי משלים אותו.
V2.0-L264,docs/enterprise-2.0-requirements.md,264,שלב 7 — היסטוריה וטרינרית,- ביקורים קודמים.,NOT STARTED,,,טרם אומתה עמידה מלאה בפרט זה; אין להסיק שמימוש בסיסי משלים אותו.
V2.0-L265,docs/enterprise-2.0-requirements.md,265,שלב 7 — היסטוריה וטרינרית,- טיפולים רפואיים.,NOT STARTED,,,טרם אומתה עמידה מלאה בפרט זה; אין להסיק שמימוש בסיסי משלים אותו.
V2.0-L266,docs/enterprise-2.0-requirements.md,266,שלב 7 — היסטוריה וטרינרית,- ניתוחים.,NOT STARTED,,,טרם אומתה עמידה מלאה בפרט זה; אין להסיק שמימוש בסיסי משלים אותו.
V2.0-L267,docs/enterprise-2.0-requirements.md,267,שלב 7 — היסטוריה וטרינרית,- אשפוזים.,NOT STARTED,,,טרם אומתה עמידה מלאה בפרט זה; אין להסיק שמימוש בסיסי משלים אותו.
V2.0-L268,docs/enterprise-2.0-requirements.md,268,שלב 7 — היסטוריה וטרינרית,- בדיקות.,NOT STARTED,,,טרם אומתה עמידה מלאה בפרט זה; אין להסיק שמימוש בסיסי משלים אותו.
V2.0-L269,docs/enterprise-2.0-requirements.md,269,שלב 7 — היסטוריה וטרינרית,- תרופות.,NOT STARTED,,,טרם אומתה עמידה מלאה בפרט זה; אין להסיק שמימוש בסיסי משלים אותו.
V2.0-L270,docs/enterprise-2.0-requirements.md,270,שלב 7 — היסטוריה וטרינרית,- אבחנות.,NOT STARTED,,,טרם אומתה עמידה מלאה בפרט זה; אין להסיק שמימוש בסיסי משלים אותו.
V2.0-L271,docs/enterprise-2.0-requirements.md,271,שלב 7 — היסטוריה וטרינרית,- מסמכים רפואיים.,NOT STARTED,,,טרם אומתה עמידה מלאה בפרט זה; אין להסיק שמימוש בסיסי משלים אותו.
V2.0-L272,docs/enterprise-2.0-requirements.md,272,שלב 7 — היסטוריה וטרינרית,- תאריכי טיפול.,NOT STARTED,,,טרם אומתה עמידה מלאה בפרט זה; אין להסיק שמימוש בסיסי משלים אותו.
V2.0-L273,docs/enterprise-2.0-requirements.md,273,שלב 7 — היסטוריה וטרינרית,- מרפאות.,NOT STARTED,,,טרם אומתה עמידה מלאה בפרט זה; אין להסיק שמימוש בסיסי משלים אותו.
V2.0-L274,docs/enterprise-2.0-requirements.md,274,שלב 7 — היסטוריה וטרינרית,- וטרינרים.,NOT STARTED,,,טרם אומתה עמידה מלאה בפרט זה; אין להסיק שמימוש בסיסי משלים אותו.
V2.0-L276,docs/enterprise-2.0-requirements.md,276,שלב 7 — היסטוריה וטרינרית,יש לתמוך במספר רשומות רפואיות לכל בעל חיים.,NOT STARTED,,,טרם אומתה עמידה מלאה בפרט זה; אין להסיק שמימוש בסיסי משלים אותו.
V2.0-L282,docs/enterprise-2.0-requirements.md,282,שלב 8 — חיסונים וטיפולים מניעתיים,- סוג חיסון.,NOT STARTED,,,טרם אומתה עמידה מלאה בפרט זה; אין להסיק שמימוש בסיסי משלים אותו.
V2.0-L283,docs/enterprise-2.0-requirements.md,283,שלב 8 — חיסונים וטיפולים מניעתיים,- תאריך.,NOT STARTED,,,טרם אומתה עמידה מלאה בפרט זה; אין להסיק שמימוש בסיסי משלים אותו.
V2.0-L284,docs/enterprise-2.0-requirements.md,284,שלב 8 — חיסונים וטיפולים מניעתיים,- תוקף.,NOT STARTED,,,טרם אומתה עמידה מלאה בפרט זה; אין להסיק שמימוש בסיסי משלים אותו.
V2.0-L285,docs/enterprise-2.0-requirements.md,285,שלב 8 — חיסונים וטיפולים מניעתיים,- מרפאה.,NOT STARTED,,,טרם אומתה עמידה מלאה בפרט זה; אין להסיק שמימוש בסיסי משלים אותו.
V2.0-L286,docs/enterprise-2.0-requirements.md,286,שלב 8 — חיסונים וטיפולים מניעתיים,- אסמכתה.,NOT STARTED,,,טרם אומתה עמידה מלאה בפרט זה; אין להסיק שמימוש בסיסי משלים אותו.
V2.0-L287,docs/enterprise-2.0-requirements.md,287,שלב 8 — חיסונים וטיפולים מניעתיים,- תילוע.,NOT STARTED,,,טרם אומתה עמידה מלאה בפרט זה; אין להסיק שמימוש בסיסי משלים אותו.
V2.0-L288,docs/enterprise-2.0-requirements.md,288,שלב 8 — חיסונים וטיפולים מניעתיים,- טיפול נגד טפילים.,NOT STARTED,,,טרם אומתה עמידה מלאה בפרט זה; אין להסיק שמימוש בסיסי משלים אותו.
V2.0-L289,docs/enterprise-2.0-requirements.md,289,שלב 8 — חיסונים וטיפולים מניעתיים,- טיפול מונע אחר.,NOT STARTED,,,טרם אומתה עמידה מלאה בפרט זה; אין להסיק שמימוש בסיסי משלים אותו.
V2.0-L295,docs/enterprise-2.0-requirements.md,295,שלב 9 — בחירת מסלול ביטוח,יש ליצור מסך השוואת מסלולים מקצועי.,NOT STARTED,,,טרם אומתה עמידה מלאה בפרט זה; אין להסיק שמימוש בסיסי משלים אותו.
V2.0-L299,docs/enterprise-2.0-requirements.md,299,שלב 9 — בחירת מסלול ביטוח,- פרמיה חודשית.,NOT STARTED,,,טרם אומתה עמידה מלאה בפרט זה; אין להסיק שמימוש בסיסי משלים אותו.
V2.0-L300,docs/enterprise-2.0-requirements.md,300,שלב 9 — בחירת מסלול ביטוח,- פרמיה שנתית.,NOT STARTED,,,טרם אומתה עמידה מלאה בפרט זה; אין להסיק שמימוש בסיסי משלים אותו.
V2.0-L301,docs/enterprise-2.0-requirements.md,301,שלב 9 — בחירת מסלול ביטוח,- תקרה שנתית.,NOT STARTED,,,טרם אומתה עמידה מלאה בפרט זה; אין להסיק שמימוש בסיסי משלים אותו.
V2.0-L302,docs/enterprise-2.0-requirements.md,302,שלב 9 — בחירת מסלול ביטוח,- השתתפות עצמית.,NOT STARTED,,,טרם אומתה עמידה מלאה בפרט זה; אין להסיק שמימוש בסיסי משלים אותו.
V2.0-L303,docs/enterprise-2.0-requirements.md,303,שלב 9 — בחירת מסלול ביטוח,- שיעור החזר.,NOT STARTED,,,טרם אומתה עמידה מלאה בפרט זה; אין להסיק שמימוש בסיסי משלים אותו.
V2.0-L304,docs/enterprise-2.0-requirements.md,304,שלב 9 — בחירת מסלול ביטוח,- תקופות אכשרה.,NOT STARTED,,,טרם אומתה עמידה מלאה בפרט זה; אין להסיק שמימוש בסיסי משלים אותו.
V2.0-L305,docs/enterprise-2.0-requirements.md,305,שלב 9 — בחירת מסלול ביטוח,- כיסויים.,NOT STARTED,,,טרם אומתה עמידה מלאה בפרט זה; אין להסיק שמימוש בסיסי משלים אותו.
V2.0-L306,docs/enterprise-2.0-requirements.md,306,שלב 9 — בחירת מסלול ביטוח,- תקרות משנה.,NOT STARTED,,,טרם אומתה עמידה מלאה בפרט זה; אין להסיק שמימוש בסיסי משלים אותו.
V2.0-L307,docs/enterprise-2.0-requirements.md,307,שלב 9 — בחירת מסלול ביטוח,- מגבלות טיפול.,NOT STARTED,,,טרם אומתה עמידה מלאה בפרט זה; אין להסיק שמימוש בסיסי משלים אותו.
V2.0-L308,docs/enterprise-2.0-requirements.md,308,שלב 9 — בחירת מסלול ביטוח,- החרגות.,NOT STARTED,,,טרם אומתה עמידה מלאה בפרט זה; אין להסיק שמימוש בסיסי משלים אותו.
V2.0-L309,docs/enterprise-2.0-requirements.md,309,שלב 9 — בחירת מסלול ביטוח,- הרחבות אופציונליות.,NOT STARTED,,,טרם אומתה עמידה מלאה בפרט זה; אין להסיק שמימוש בסיסי משלים אותו.
V2.0-L310,docs/enterprise-2.0-requirements.md,310,שלב 9 — בחירת מסלול ביטוח,- תנאי חידוש.,NOT STARTED,,,טרם אומתה עמידה מלאה בפרט זה; אין להסיק שמימוש בסיסי משלים אותו.
V2.0-L312,docs/enterprise-2.0-requirements.md,312,שלב 9 — בחירת מסלול ביטוח,יש להציג השוואה מפורטת ולאפשר מעבר בין מסלולים.,NOT STARTED,,,טרם אומתה עמידה מלאה בפרט זה; אין להסיק שמימוש בסיסי משלים אותו.
V2.0-L316,docs/enterprise-2.0-requirements.md,316,שלב 10 — הרחבות ביטוח,יש לאפשר בחירת הרחבות כגון:,NOT STARTED,,,טרם אומתה עמידה מלאה בפרט זה; אין להסיק שמימוש בסיסי משלים אותו.
V2.0-L318,docs/enterprise-2.0-requirements.md,318,שלב 10 — הרחבות ביטוח,- כיסוי צד שלישי.,NOT STARTED,,,טרם אומתה עמידה מלאה בפרט זה; אין להסיק שמימוש בסיסי משלים אותו.
V2.0-L319,docs/enterprise-2.0-requirements.md,319,שלב 10 — הרחבות ביטוח,- טיפולים משלימים.,NOT STARTED,,,טרם אומתה עמידה מלאה בפרט זה; אין להסיק שמימוש בסיסי משלים אותו.
V2.0-L320,docs/enterprise-2.0-requirements.md,320,שלב 10 — הרחבות ביטוח,- פיזיותרפיה.,NOT STARTED,,,טרם אומתה עמידה מלאה בפרט זה; אין להסיק שמימוש בסיסי משלים אותו.
V2.0-L321,docs/enterprise-2.0-requirements.md,321,שלב 10 — הרחבות ביטוח,- טיפולים התנהגותיים.,NOT STARTED,,,טרם אומתה עמידה מלאה בפרט זה; אין להסיק שמימוש בסיסי משלים אותו.
V2.0-L322,docs/enterprise-2.0-requirements.md,322,שלב 10 — הרחבות ביטוח,- כיסוי שיניים.,NOT STARTED,,,טרם אומתה עמידה מלאה בפרט זה; אין להסיק שמימוש בסיסי משלים אותו.
V2.0-L323,docs/enterprise-2.0-requirements.md,323,שלב 10 — הרחבות ביטוח,- כיסוי מניעתי.,NOT STARTED,,,טרם אומתה עמידה מלאה בפרט זה; אין להסיק שמימוש בסיסי משלים אותו.
V2.0-L324,docs/enterprise-2.0-requirements.md,324,שלב 10 — הרחבות ביטוח,- הרחבת תקרת כיסוי.,NOT STARTED,,,טרם אומתה עמידה מלאה בפרט זה; אין להסיק שמימוש בסיסי משלים אותו.
V2.0-L332,docs/enterprise-2.0-requirements.md,332,שלב 11 — חישוב הצעת מחיר,יש ליצור מנוע תמחור ניתן להגדרה.,NOT STARTED,,,טרם אומתה עמידה מלאה בפרט זה; אין להסיק שמימוש בסיסי משלים אותו.
V2.0-L336,docs/enterprise-2.0-requirements.md,336,שלב 11 — חישוב הצעת מחיר,- מוצר.,NOT STARTED,,,טרם אומתה עמידה מלאה בפרט זה; אין להסיק שמימוש בסיסי משלים אותו.
V2.0-L337,docs/enterprise-2.0-requirements.md,337,שלב 11 — חישוב הצעת מחיר,- גיל.,NOT STARTED,,,טרם אומתה עמידה מלאה בפרט זה; אין להסיק שמימוש בסיסי משלים אותו.
V2.0-L338,docs/enterprise-2.0-requirements.md,338,שלב 11 — חישוב הצעת מחיר,- סוג בעל חיים.,NOT STARTED,,,טרם אומתה עמידה מלאה בפרט זה; אין להסיק שמימוש בסיסי משלים אותו.
V2.0-L339,docs/enterprise-2.0-requirements.md,339,שלב 11 — חישוב הצעת מחיר,- גזע.,NOT STARTED,,,טרם אומתה עמידה מלאה בפרט זה; אין להסיק שמימוש בסיסי משלים אותו.
V2.0-L340,docs/enterprise-2.0-requirements.md,340,שלב 11 — חישוב הצעת מחיר,- הרחבות.,NOT STARTED,,,טרם אומתה עמידה מלאה בפרט זה; אין להסיק שמימוש בסיסי משלים אותו.
V2.0-L341,docs/enterprise-2.0-requirements.md,341,שלב 11 — חישוב הצעת מחיר,- השתתפות עצמית.,NOT STARTED,,,טרם אומתה עמידה מלאה בפרט זה; אין להסיק שמימוש בסיסי משלים אותו.
V2.0-L342,docs/enterprise-2.0-requirements.md,342,שלב 11 — חישוב הצעת מחיר,- תקרות.,NOT STARTED,,,טרם אומתה עמידה מלאה בפרט זה; אין להסיק שמימוש בסיסי משלים אותו.
V2.0-L343,docs/enterprise-2.0-requirements.md,343,שלב 11 — חישוב הצעת מחיר,- תקופת ביטוח.,NOT STARTED,,,טרם אומתה עמידה מלאה בפרט זה; אין להסיק שמימוש בסיסי משלים אותו.
V2.0-L344,docs/enterprise-2.0-requirements.md,344,שלב 11 — חישוב הצעת מחיר,- פרמיית בסיס.,NOT STARTED,,,טרם אומתה עמידה מלאה בפרט זה; אין להסיק שמימוש בסיסי משלים אותו.
V2.0-L345,docs/enterprise-2.0-requirements.md,345,שלב 11 — חישוב הצעת מחיר,- הנחות מאושרות.,NOT STARTED,,,טרם אומתה עמידה מלאה בפרט זה; אין להסיק שמימוש בסיסי משלים אותו.
V2.0-L346,docs/enterprise-2.0-requirements.md,346,שלב 11 — חישוב הצעת מחיר,- היטלים או התאמות בהתאם למדיניות.,NOT STARTED,,,טרם אומתה עמידה מלאה בפרט זה; אין להסיק שמימוש בסיסי משלים אותו.
V2.0-L348,docs/enterprise-2.0-requirements.md,348,שלב 11 — חישוב הצעת מחיר,אין להמציא נוסחת תמחור אקטוארית ולהציג אותה כנוסחה אמיתית.,NOT STARTED,,,טרם אומתה עמידה מלאה בפרט זה; אין להסיק שמימוש בסיסי משלים אותו.
V2.0-L350,docs/enterprise-2.0-requirements.md,350,שלב 11 — חישוב הצעת מחיר,"יש להציג פירוט חישוב מלא, עם גרסת כללי התמחור.",NOT STARTED,,,טרם אומתה עמידה מלאה בפרט זה; אין להסיק שמימוש בסיסי משלים אותו.
V2.0-L356,docs/enterprise-2.0-requirements.md,356,שלב 12 — בדיקת חיתום,- גיל.,NOT STARTED,,,טרם אומתה עמידה מלאה בפרט זה; אין להסיק שמימוש בסיסי משלים אותו.
V2.0-L357,docs/enterprise-2.0-requirements.md,357,שלב 12 — בדיקת חיתום,- הצהרות רפואיות.,NOT STARTED,,,טרם אומתה עמידה מלאה בפרט זה; אין להסיק שמימוש בסיסי משלים אותו.
V2.0-L358,docs/enterprise-2.0-requirements.md,358,שלב 12 — בדיקת חיתום,- מחלות קודמות.,NOT STARTED,,,טרם אומתה עמידה מלאה בפרט זה; אין להסיק שמימוש בסיסי משלים אותו.
V2.0-L359,docs/enterprise-2.0-requirements.md,359,שלב 12 — בדיקת חיתום,- היסטוריית ניתוחים.,NOT STARTED,,,טרם אומתה עמידה מלאה בפרט זה; אין להסיק שמימוש בסיסי משלים אותו.
V2.0-L360,docs/enterprise-2.0-requirements.md,360,שלב 12 — בדיקת חיתום,- תרופות.,NOT STARTED,,,טרם אומתה עמידה מלאה בפרט זה; אין להסיק שמימוש בסיסי משלים אותו.
V2.0-L361,docs/enterprise-2.0-requirements.md,361,שלב 12 — בדיקת חיתום,- טיפולים צפויים.,NOT STARTED,,,טרם אומתה עמידה מלאה בפרט זה; אין להסיק שמימוש בסיסי משלים אותו.
V2.0-L362,docs/enterprise-2.0-requirements.md,362,שלב 12 — בדיקת חיתום,- מסמכים חסרים.,NOT STARTED,,,טרם אומתה עמידה מלאה בפרט זה; אין להסיק שמימוש בסיסי משלים אותו.
V2.0-L363,docs/enterprise-2.0-requirements.md,363,שלב 12 — בדיקת חיתום,- התאמה למוצר.,NOT STARTED,,,טרם אומתה עמידה מלאה בפרט זה; אין להסיק שמימוש בסיסי משלים אותו.
V2.0-L364,docs/enterprise-2.0-requirements.md,364,שלב 12 — בדיקת חיתום,- כללים מיוחדים.,NOT STARTED,,,טרם אומתה עמידה מלאה בפרט זה; אין להסיק שמימוש בסיסי משלים אותו.
V2.0-L368,docs/enterprise-2.0-requirements.md,368,שלב 12 — בדיקת חיתום,- אישור.,NOT STARTED,,,טרם אומתה עמידה מלאה בפרט זה; אין להסיק שמימוש בסיסי משלים אותו.
V2.0-L369,docs/enterprise-2.0-requirements.md,369,שלב 12 — בדיקת חיתום,- אישור בתנאים.,NOT STARTED,,,טרם אומתה עמידה מלאה בפרט זה; אין להסיק שמימוש בסיסי משלים אותו.
V2.0-L370,docs/enterprise-2.0-requirements.md,370,שלב 12 — בדיקת חיתום,- החרגה.,NOT STARTED,,,טרם אומתה עמידה מלאה בפרט זה; אין להסיק שמימוש בסיסי משלים אותו.
V2.0-L371,docs/enterprise-2.0-requirements.md,371,שלב 12 — בדיקת חיתום,- בקשת מידע נוסף.,NOT STARTED,,,טרם אומתה עמידה מלאה בפרט זה; אין להסיק שמימוש בסיסי משלים אותו.
V2.0-L372,docs/enterprise-2.0-requirements.md,372,שלב 12 — בדיקת חיתום,- העברה לחתם.,NOT STARTED,,,טרם אומתה עמידה מלאה בפרט זה; אין להסיק שמימוש בסיסי משלים אותו.
V2.0-L373,docs/enterprise-2.0-requirements.md,373,שלב 12 — בדיקת חיתום,- דחייה.,NOT STARTED,,,טרם אומתה עמידה מלאה בפרט זה; אין להסיק שמימוש בסיסי משלים אותו.
V2.0-L375,docs/enterprise-2.0-requirements.md,375,שלב 12 — בדיקת חיתום,כל החלטה חייבת להיות מנומקת ומתועדת.,NOT STARTED,,,טרם אומתה עמידה מלאה בפרט זה; אין להסיק שמימוש בסיסי משלים אותו.
V2.0-L379,docs/enterprise-2.0-requirements.md,379,שלב 13 — הצגת תנאים והצהרות,יש ליצור מסך המציג למבוטח את פרטי ההצטרפות ואת תנאי המוצר.,NOT STARTED,,,טרם אומתה עמידה מלאה בפרט זה; אין להסיק שמימוש בסיסי משלים אותו.
V2.0-L383,docs/enterprise-2.0-requirements.md,383,שלב 13 — הצגת תנאים והצהרות,- אישור נכונות הפרטים.,NOT STARTED,,,טרם אומתה עמידה מלאה בפרט זה; אין להסיק שמימוש בסיסי משלים אותו.
V2.0-L384,docs/enterprise-2.0-requirements.md,384,שלב 13 — הצגת תנאים והצהרות,- אישור מסירת מידע רפואי.,NOT STARTED,,,טרם אומתה עמידה מלאה בפרט זה; אין להסיק שמימוש בסיסי משלים אותו.
V2.0-L385,docs/enterprise-2.0-requirements.md,385,שלב 13 — הצגת תנאים והצהרות,- אישור קבלת תנאי הביטוח.,NOT STARTED,,,טרם אומתה עמידה מלאה בפרט זה; אין להסיק שמימוש בסיסי משלים אותו.
V2.0-L386,docs/enterprise-2.0-requirements.md,386,שלב 13 — הצגת תנאים והצהרות,- אישור קבלת מידע על תקופות אכשרה.,NOT STARTED,,,טרם אומתה עמידה מלאה בפרט זה; אין להסיק שמימוש בסיסי משלים אותו.
V2.0-L387,docs/enterprise-2.0-requirements.md,387,שלב 13 — הצגת תנאים והצהרות,- אישור קבלת מידע על החרגות.,NOT STARTED,,,טרם אומתה עמידה מלאה בפרט זה; אין להסיק שמימוש בסיסי משלים אותו.
V2.0-L388,docs/enterprise-2.0-requirements.md,388,שלב 13 — הצגת תנאים והצהרות,- אישור קבלת מידע על השתתפות עצמית.,NOT STARTED,,,טרם אומתה עמידה מלאה בפרט זה; אין להסיק שמימוש בסיסי משלים אותו.
V2.0-L389,docs/enterprise-2.0-requirements.md,389,שלב 13 — הצגת תנאים והצהרות,- אישור קבלת מידע על תקרות כיסוי.,NOT STARTED,,,טרם אומתה עמידה מלאה בפרט זה; אין להסיק שמימוש בסיסי משלים אותו.
V2.0-L390,docs/enterprise-2.0-requirements.md,390,שלב 13 — הצגת תנאים והצהרות,- אישור תנאי תשלום.,NOT STARTED,,,טרם אומתה עמידה מלאה בפרט זה; אין להסיק שמימוש בסיסי משלים אותו.
V2.0-L391,docs/enterprise-2.0-requirements.md,391,שלב 13 — הצגת תנאים והצהרות,- הסכמה נפרדת לעיבוד מידע כאשר נדרשת.,NOT STARTED,,,טרם אומתה עמידה מלאה בפרט זה; אין להסיק שמימוש בסיסי משלים אותו.
V2.0-L393,docs/enterprise-2.0-requirements.md,393,שלב 13 — הצגת תנאים והצהרות,יש לשמור את נוסח ההצהרה המדויק ואת גרסתו בעת האישור.,NOT STARTED,,,טרם אומתה עמידה מלאה בפרט זה; אין להסיק שמימוש בסיסי משלים אותו.
V2.0-L397,docs/enterprise-2.0-requirements.md,397,שלב 14 — מסמכים נדרשים,יש להציג רשימת מסמכים בהתאם למקרה:,NOT STARTED,,,טרם אומתה עמידה מלאה בפרט זה; אין להסיק שמימוש בסיסי משלים אותו.
V2.0-L399,docs/enterprise-2.0-requirements.md,399,שלב 14 — מסמכים נדרשים,"- מסמך זיהוי, כאשר נדרש ומותר.",NOT STARTED,,,טרם אומתה עמידה מלאה בפרט זה; אין להסיק שמימוש בסיסי משלים אותו.
V2.0-L400,docs/enterprise-2.0-requirements.md,400,שלב 14 — מסמכים נדרשים,- מסמך פרטי שבב.,NOT STARTED,,,טרם אומתה עמידה מלאה בפרט זה; אין להסיק שמימוש בסיסי משלים אותו.
V2.0-L401,docs/enterprise-2.0-requirements.md,401,שלב 14 — מסמכים נדרשים,- פנקס חיסונים.,NOT STARTED,,,טרם אומתה עמידה מלאה בפרט זה; אין להסיק שמימוש בסיסי משלים אותו.
V2.0-L402,docs/enterprise-2.0-requirements.md,402,שלב 14 — מסמכים נדרשים,- סיכום רפואי.,NOT STARTED,,,טרם אומתה עמידה מלאה בפרט זה; אין להסיק שמימוש בסיסי משלים אותו.
V2.0-L403,docs/enterprise-2.0-requirements.md,403,שלב 14 — מסמכים נדרשים,- היסטוריה וטרינרית.,NOT STARTED,,,טרם אומתה עמידה מלאה בפרט זה; אין להסיק שמימוש בסיסי משלים אותו.
V2.0-L404,docs/enterprise-2.0-requirements.md,404,שלב 14 — מסמכים נדרשים,- מסמכי ניתוחים.,NOT STARTED,,,טרם אומתה עמידה מלאה בפרט זה; אין להסיק שמימוש בסיסי משלים אותו.
V2.0-L405,docs/enterprise-2.0-requirements.md,405,שלב 14 — מסמכים נדרשים,- תוצאות בדיקות.,NOT STARTED,,,טרם אומתה עמידה מלאה בפרט זה; אין להסיק שמימוש בסיסי משלים אותו.
V2.0-L406,docs/enterprise-2.0-requirements.md,406,שלב 14 — מסמכים נדרשים,- הצהרת בריאות.,NOT STARTED,,,טרם אומתה עמידה מלאה בפרט זה; אין להסיק שמימוש בסיסי משלים אותו.
V2.0-L407,docs/enterprise-2.0-requirements.md,407,שלב 14 — מסמכים נדרשים,- מסמך הסכמה.,NOT STARTED,,,טרם אומתה עמידה מלאה בפרט זה; אין להסיק שמימוש בסיסי משלים אותו.
V2.0-L408,docs/enterprise-2.0-requirements.md,408,שלב 14 — מסמכים נדרשים,- מסמכי חיתום נוספים.,NOT STARTED,,,טרם אומתה עמידה מלאה בפרט זה; אין להסיק שמימוש בסיסי משלים אותו.
V2.0-L416,docs/enterprise-2.0-requirements.md,416,שלב 15 — אמצעי תשלום,יש ליצור תהליך הכולל:,NOT STARTED,,,טרם אומתה עמידה מלאה בפרט זה; אין להסיק שמימוש בסיסי משלים אותו.
V2.0-L418,docs/enterprise-2.0-requirements.md,418,שלב 15 — אמצעי תשלום,- בחירת תדירות חיוב.,NOT STARTED,,,טרם אומתה עמידה מלאה בפרט זה; אין להסיק שמימוש בסיסי משלים אותו.
V2.0-L419,docs/enterprise-2.0-requirements.md,419,שלב 15 — אמצעי תשלום,- הצגת לוח תשלומים.,NOT STARTED,,,טרם אומתה עמידה מלאה בפרט זה; אין להסיק שמימוש בסיסי משלים אותו.
V2.0-L420,docs/enterprise-2.0-requirements.md,420,שלב 15 — אמצעי תשלום,- בחירת אמצעי תשלום מדומה.,NOT STARTED,,,טרם אומתה עמידה מלאה בפרט זה; אין להסיק שמימוש בסיסי משלים אותו.
V2.0-L421,docs/enterprise-2.0-requirements.md,421,שלב 15 — אמצעי תשלום,- אישור תנאי גבייה.,NOT STARTED,,,טרם אומתה עמידה מלאה בפרט זה; אין להסיק שמימוש בסיסי משלים אותו.
V2.0-L422,docs/enterprise-2.0-requirements.md,422,שלב 15 — אמצעי תשלום,- חישוב תשלום ראשון.,NOT STARTED,,,טרם אומתה עמידה מלאה בפרט זה; אין להסיק שמימוש בסיסי משלים אותו.
V2.0-L423,docs/enterprise-2.0-requirements.md,423,שלב 15 — אמצעי תשלום,- בדיקת חובות קיימים.,NOT STARTED,,,טרם אומתה עמידה מלאה בפרט זה; אין להסיק שמימוש בסיסי משלים אותו.
V2.0-L424,docs/enterprise-2.0-requirements.md,424,שלב 15 — אמצעי תשלום,- אישור פרטי התשלום.,NOT STARTED,,,טרם אומתה עמידה מלאה בפרט זה; אין להסיק שמימוש בסיסי משלים אותו.
V2.0-L426,docs/enterprise-2.0-requirements.md,426,שלב 15 — אמצעי תשלום,אין לשמור פרטי כרטיס אשראי אמיתיים.,NOT STARTED,,,טרם אומתה עמידה מלאה בפרט זה; אין להסיק שמימוש בסיסי משלים אותו.
V2.0-L430,docs/enterprise-2.0-requirements.md,430,שלב 16 — חתימות,יש לפתח ממשק חתימה מקצועי לסימולציה.,NOT STARTED,,,טרם אומתה עמידה מלאה בפרט זה; אין להסיק שמימוש בסיסי משלים אותו.
V2.0-L434,docs/enterprise-2.0-requirements.md,434,שלב 16 — חתימות,- תצוגת מסמך.,NOT STARTED,,,טרם אומתה עמידה מלאה בפרט זה; אין להסיק שמימוש בסיסי משלים אותו.
V2.0-L435,docs/enterprise-2.0-requirements.md,435,שלב 16 — חתימות,- שם החותם.,NOT STARTED,,,טרם אומתה עמידה מלאה בפרט זה; אין להסיק שמימוש בסיסי משלים אותו.
V2.0-L436,docs/enterprise-2.0-requirements.md,436,שלב 16 — חתימות,- תפקיד החותם.,NOT STARTED,,,טרם אומתה עמידה מלאה בפרט זה; אין להסיק שמימוש בסיסי משלים אותו.
V2.0-L437,docs/enterprise-2.0-requirements.md,437,שלב 16 — חתימות,- מועד חתימה.,NOT STARTED,,,טרם אומתה עמידה מלאה בפרט זה; אין להסיק שמימוש בסיסי משלים אותו.
V2.0-L438,docs/enterprise-2.0-requirements.md,438,שלב 16 — חתימות,- אישור הצהרות.,NOT STARTED,,,טרם אומתה עמידה מלאה בפרט זה; אין להסיק שמימוש בסיסי משלים אותו.
V2.0-L439,docs/enterprise-2.0-requirements.md,439,שלב 16 — חתימות,- ציור חתימה באמצעות עכבר או מסך מגע.,NOT STARTED,,,טרם אומתה עמידה מלאה בפרט זה; אין להסיק שמימוש בסיסי משלים אותו.
V2.0-L440,docs/enterprise-2.0-requirements.md,440,שלב 16 — חתימות,- שמירת גרסת המסמך שנחתמה.,NOT STARTED,,,טרם אומתה עמידה מלאה בפרט זה; אין להסיק שמימוש בסיסי משלים אותו.
V2.0-L441,docs/enterprise-2.0-requirements.md,441,שלב 16 — חתימות,- תיעוד אירוע חתימה.,NOT STARTED,,,טרם אומתה עמידה מלאה בפרט זה; אין להסיק שמימוש בסיסי משלים אותו.
V2.0-L442,docs/enterprise-2.0-requirements.md,442,שלב 16 — חתימות,- הפקת מסמך חתום מדומה.,NOT STARTED,,,טרם אומתה עמידה מלאה בפרט זה; אין להסיק שמימוש בסיסי משלים אותו.
V2.0-L444,docs/enterprise-2.0-requirements.md,444,שלב 16 — חתימות,יש לסמן בבירור שמדובר בחתימה מדומה שאינה מאומתת משפטית.,NOT STARTED,,,טרם אומתה עמידה מלאה בפרט זה; אין להסיק שמימוש בסיסי משלים אותו.
V2.0-L448,docs/enterprise-2.0-requirements.md,448,שלב 17 — סיכום הצטרפות,הצגת:,NOT STARTED,,,טרם אומתה עמידה מלאה בפרט זה; אין להסיק שמימוש בסיסי משלים אותו.
V2.0-L450,docs/enterprise-2.0-requirements.md,450,שלב 17 — סיכום הצטרפות,- פרטי לקוח.,NOT STARTED,,,טרם אומתה עמידה מלאה בפרט זה; אין להסיק שמימוש בסיסי משלים אותו.
V2.0-L451,docs/enterprise-2.0-requirements.md,451,שלב 17 — סיכום הצטרפות,- פרטי בעל חיים.,NOT STARTED,,,טרם אומתה עמידה מלאה בפרט זה; אין להסיק שמימוש בסיסי משלים אותו.
V2.0-L452,docs/enterprise-2.0-requirements.md,452,שלב 17 — סיכום הצטרפות,- מוצר.,NOT STARTED,,,טרם אומתה עמידה מלאה בפרט זה; אין להסיק שמימוש בסיסי משלים אותו.
V2.0-L453,docs/enterprise-2.0-requirements.md,453,שלב 17 — סיכום הצטרפות,- כיסויים.,NOT STARTED,,,טרם אומתה עמידה מלאה בפרט זה; אין להסיק שמימוש בסיסי משלים אותו.
V2.0-L454,docs/enterprise-2.0-requirements.md,454,שלב 17 — סיכום הצטרפות,- החרגות.,NOT STARTED,,,טרם אומתה עמידה מלאה בפרט זה; אין להסיק שמימוש בסיסי משלים אותו.
V2.0-L455,docs/enterprise-2.0-requirements.md,455,שלב 17 — סיכום הצטרפות,- תקרות.,NOT STARTED,,,טרם אומתה עמידה מלאה בפרט זה; אין להסיק שמימוש בסיסי משלים אותו.
V2.0-L456,docs/enterprise-2.0-requirements.md,456,שלב 17 — סיכום הצטרפות,- השתתפות עצמית.,NOT STARTED,,,טרם אומתה עמידה מלאה בפרט זה; אין להסיק שמימוש בסיסי משלים אותו.
V2.0-L457,docs/enterprise-2.0-requirements.md,457,שלב 17 — סיכום הצטרפות,- פרמיה.,NOT STARTED,,,טרם אומתה עמידה מלאה בפרט זה; אין להסיק שמימוש בסיסי משלים אותו.
V2.0-L458,docs/enterprise-2.0-requirements.md,458,שלב 17 — סיכום הצטרפות,- תקופות אכשרה.,NOT STARTED,,,טרם אומתה עמידה מלאה בפרט זה; אין להסיק שמימוש בסיסי משלים אותו.
V2.0-L459,docs/enterprise-2.0-requirements.md,459,שלב 17 — סיכום הצטרפות,- החלטת חיתום.,NOT STARTED,,,טרם אומתה עמידה מלאה בפרט זה; אין להסיק שמימוש בסיסי משלים אותו.
V2.0-L460,docs/enterprise-2.0-requirements.md,460,שלב 17 — סיכום הצטרפות,- מסמכים.,NOT STARTED,,,טרם אומתה עמידה מלאה בפרט זה; אין להסיק שמימוש בסיסי משלים אותו.
V2.0-L461,docs/enterprise-2.0-requirements.md,461,שלב 17 — סיכום הצטרפות,- הצהרות.,NOT STARTED,,,טרם אומתה עמידה מלאה בפרט זה; אין להסיק שמימוש בסיסי משלים אותו.
V2.0-L462,docs/enterprise-2.0-requirements.md,462,שלב 17 — סיכום הצטרפות,- חתימות.,NOT STARTED,,,טרם אומתה עמידה מלאה בפרט זה; אין להסיק שמימוש בסיסי משלים אותו.
V2.0-L463,docs/enterprise-2.0-requirements.md,463,שלב 17 — סיכום הצטרפות,- מצב תשלום.,NOT STARTED,,,טרם אומתה עמידה מלאה בפרט זה; אין להסיק שמימוש בסיסי משלים אותו.
V2.0-L465,docs/enterprise-2.0-requirements.md,465,שלב 17 — סיכום הצטרפות,יש להציג שגיאות וחוסרים לפני הפעלה.,NOT STARTED,,,טרם אומתה עמידה מלאה בפרט זה; אין להסיק שמימוש בסיסי משלים אותו.
V2.0-L469,docs/enterprise-2.0-requirements.md,469,שלב 18 — הפקת פוליסה,יש ליצור:,NOT STARTED,,,טרם אומתה עמידה מלאה בפרט זה; אין להסיק שמימוש בסיסי משלים אותו.
V2.0-L471,docs/enterprise-2.0-requirements.md,471,שלב 18 — הפקת פוליסה,- מספר פוליסה.,NOT STARTED,,,טרם אומתה עמידה מלאה בפרט זה; אין להסיק שמימוש בסיסי משלים אותו.
V2.0-L472,docs/enterprise-2.0-requirements.md,472,שלב 18 — הפקת פוליסה,- תאריך תחילה.,NOT STARTED,,,טרם אומתה עמידה מלאה בפרט זה; אין להסיק שמימוש בסיסי משלים אותו.
V2.0-L473,docs/enterprise-2.0-requirements.md,473,שלב 18 — הפקת פוליסה,- תאריך סיום.,NOT STARTED,,,טרם אומתה עמידה מלאה בפרט זה; אין להסיק שמימוש בסיסי משלים אותו.
V2.0-L474,docs/enterprise-2.0-requirements.md,474,שלב 18 — הפקת פוליסה,- גרסת מוצר.,NOT STARTED,,,טרם אומתה עמידה מלאה בפרט זה; אין להסיק שמימוש בסיסי משלים אותו.
V2.0-L475,docs/enterprise-2.0-requirements.md,475,שלב 18 — הפקת פוליסה,- רשימת כיסויים.,NOT STARTED,,,טרם אומתה עמידה מלאה בפרט זה; אין להסיק שמימוש בסיסי משלים אותו.
V2.0-L476,docs/enterprise-2.0-requirements.md,476,שלב 18 — הפקת פוליסה,- החרגות אישיות.,NOT STARTED,,,טרם אומתה עמידה מלאה בפרט זה; אין להסיק שמימוש בסיסי משלים אותו.
V2.0-L477,docs/enterprise-2.0-requirements.md,477,שלב 18 — הפקת פוליסה,- לוח תשלומים.,NOT STARTED,,,טרם אומתה עמידה מלאה בפרט זה; אין להסיק שמימוש בסיסי משלים אותו.
V2.0-L478,docs/enterprise-2.0-requirements.md,478,שלב 18 — הפקת פוליסה,- מסמכי פוליסה.,NOT STARTED,,,טרם אומתה עמידה מלאה בפרט זה; אין להסיק שמימוש בסיסי משלים אותו.
V2.0-L479,docs/enterprise-2.0-requirements.md,479,שלב 18 — הפקת פוליסה,- אישור הצטרפות.,NOT STARTED,,,טרם אומתה עמידה מלאה בפרט זה; אין להסיק שמימוש בסיסי משלים אותו.
V2.0-L480,docs/enterprise-2.0-requirements.md,480,שלב 18 — הפקת פוליסה,- דף פרטי ביטוח.,NOT STARTED,,,טרם אומתה עמידה מלאה בפרט זה; אין להסיק שמימוש בסיסי משלים אותו.
V2.0-L481,docs/enterprise-2.0-requirements.md,481,שלב 18 — הפקת פוליסה,- אישור כיסוי.,NOT STARTED,,,טרם אומתה עמידה מלאה בפרט זה; אין להסיק שמימוש בסיסי משלים אותו.
V2.0-L483,docs/enterprise-2.0-requirements.md,483,שלב 18 — הפקת פוליסה,יש להפעיל את הפוליסה רק אם כל תנאי ההפעלה התקיימו.,NOT STARTED,,,טרם אומתה עמידה מלאה בפרט זה; אין להסיק שמימוש בסיסי משלים אותו.
V2.0-L491,docs/enterprise-2.0-requirements.md,491,4. סביבת עבודה לחתמים,יש ליצור מודול חיתום עצמאי ומפורט.,NOT STARTED,,,טרם אומתה עמידה מלאה בפרט זה; אין להסיק שמימוש בסיסי משלים אותו.
V2.0-L495,docs/enterprise-2.0-requirements.md,495,4. סביבת עבודה לחתמים,- תור בקשות.,NOT STARTED,,,טרם אומתה עמידה מלאה בפרט זה; אין להסיק שמימוש בסיסי משלים אותו.
V2.0-L496,docs/enterprise-2.0-requirements.md,496,4. סביבת עבודה לחתמים,- בקשות חדשות.,NOT STARTED,,,טרם אומתה עמידה מלאה בפרט זה; אין להסיק שמימוש בסיסי משלים אותו.
V2.0-L497,docs/enterprise-2.0-requirements.md,497,4. סביבת עבודה לחתמים,- בקשות ממתינות למסמכים.,NOT STARTED,,,טרם אומתה עמידה מלאה בפרט זה; אין להסיק שמימוש בסיסי משלים אותו.
V2.0-L498,docs/enterprise-2.0-requirements.md,498,4. סביבת עבודה לחתמים,- בקשות עם חריגים רפואיים.,NOT STARTED,,,טרם אומתה עמידה מלאה בפרט זה; אין להסיק שמימוש בסיסי משלים אותו.
V2.0-L499,docs/enterprise-2.0-requirements.md,499,4. סביבת עבודה לחתמים,- בקשות באישור מנהל.,NOT STARTED,,,טרם אומתה עמידה מלאה בפרט זה; אין להסיק שמימוש בסיסי משלים אותו.
V2.0-L500,docs/enterprise-2.0-requirements.md,500,4. סביבת עבודה לחתמים,- בקשות מאושרות.,NOT STARTED,,,טרם אומתה עמידה מלאה בפרט זה; אין להסיק שמימוש בסיסי משלים אותו.
V2.0-L501,docs/enterprise-2.0-requirements.md,501,4. סביבת עבודה לחתמים,- בקשות שנדחו.,NOT STARTED,,,טרם אומתה עמידה מלאה בפרט זה; אין להסיק שמימוש בסיסי משלים אותו.
V2.0-L502,docs/enterprise-2.0-requirements.md,502,4. סביבת עבודה לחתמים,- בקשות שהוחזרו להשלמה.,NOT STARTED,,,טרם אומתה עמידה מלאה בפרט זה; אין להסיק שמימוש בסיסי משלים אותו.
V2.0-L508,docs/enterprise-2.0-requirements.md,508,5. תיק חיתום,- פרטי בעל חיים.,NOT STARTED,,,טרם אומתה עמידה מלאה בפרט זה; אין להסיק שמימוש בסיסי משלים אותו.
V2.0-L509,docs/enterprise-2.0-requirements.md,509,5. תיק חיתום,- הצהרת בריאות.,NOT STARTED,,,טרם אומתה עמידה מלאה בפרט זה; אין להסיק שמימוש בסיסי משלים אותו.
V2.0-L510,docs/enterprise-2.0-requirements.md,510,5. תיק חיתום,- היסטוריה רפואית.,NOT STARTED,,,טרם אומתה עמידה מלאה בפרט זה; אין להסיק שמימוש בסיסי משלים אותו.
V2.0-L511,docs/enterprise-2.0-requirements.md,511,5. תיק חיתום,- מסמכים.,NOT STARTED,,,טרם אומתה עמידה מלאה בפרט זה; אין להסיק שמימוש בסיסי משלים אותו.
V2.0-L512,docs/enterprise-2.0-requirements.md,512,5. תיק חיתום,- הערות.,NOT STARTED,,,טרם אומתה עמידה מלאה בפרט זה; אין להסיק שמימוש בסיסי משלים אותו.
V2.0-L513,docs/enterprise-2.0-requirements.md,513,5. תיק חיתום,- סיכונים.,NOT STARTED,,,טרם אומתה עמידה מלאה בפרט זה; אין להסיק שמימוש בסיסי משלים אותו.
V2.0-L514,docs/enterprise-2.0-requirements.md,514,5. תיק חיתום,- כללי חיתום שהופעלו.,NOT STARTED,,,טרם אומתה עמידה מלאה בפרט זה; אין להסיק שמימוש בסיסי משלים אותו.
V2.0-L515,docs/enterprise-2.0-requirements.md,515,5. תיק חיתום,- החלטות קודמות.,NOT STARTED,,,טרם אומתה עמידה מלאה בפרט זה; אין להסיק שמימוש בסיסי משלים אותו.
V2.0-L516,docs/enterprise-2.0-requirements.md,516,5. תיק חיתום,- בקשות להשלמה.,NOT STARTED,,,טרם אומתה עמידה מלאה בפרט זה; אין להסיק שמימוש בסיסי משלים אותו.
V2.0-L517,docs/enterprise-2.0-requirements.md,517,5. תיק חיתום,- החרגות מוצעות.,NOT STARTED,,,טרם אומתה עמידה מלאה בפרט זה; אין להסיק שמימוש בסיסי משלים אותו.
V2.0-L518,docs/enterprise-2.0-requirements.md,518,5. תיק חיתום,- תנאים מיוחדים.,NOT STARTED,,,טרם אומתה עמידה מלאה בפרט זה; אין להסיק שמימוש בסיסי משלים אותו.
V2.0-L519,docs/enterprise-2.0-requirements.md,519,5. תיק חיתום,- החלטה סופית.,NOT STARTED,,,טרם אומתה עמידה מלאה בפרט זה; אין להסיק שמימוש בסיסי משלים אותו.
V2.0-L521,docs/enterprise-2.0-requirements.md,521,5. תיק חיתום,"יש לתמוך בהחרגות רפואיות מפורטות, כולל תיאור, סיבה, תחולה וגרסת החלטה.",NOT STARTED,,,טרם אומתה עמידה מלאה בפרט זה; אין להסיק שמימוש בסיסי משלים אותו.
V2.0-L523,docs/enterprise-2.0-requirements.md,523,5. תיק חיתום,אין לאפשר לחתם לשנות בדיעבד הצהרה שנמסרה על ידי מבוטח. תיקונים יישמרו כגרסאות נפרדות.,NOT STARTED,,,טרם אומתה עמידה מלאה בפרט זה; אין להסיק שמימוש בסיסי משלים אותו.
V2.0-L531,docs/enterprise-2.0-requirements.md,531,6. פתיחת תביעה,יש ליצור אשף תביעה רב-שלבי.,NOT STARTED,,,טרם אומתה עמידה מלאה בפרט זה; אין להסיק שמימוש בסיסי משלים אותו.
V2.0-L535,docs/enterprise-2.0-requirements.md,535,6. פתיחת תביעה,1. זיהוי מבוטח.,NOT STARTED,,,טרם אומתה עמידה מלאה בפרט זה; אין להסיק שמימוש בסיסי משלים אותו.
V2.0-L536,docs/enterprise-2.0-requirements.md,536,6. פתיחת תביעה,2. בחירת בעל חיים.,NOT STARTED,,,טרם אומתה עמידה מלאה בפרט זה; אין להסיק שמימוש בסיסי משלים אותו.
V2.0-L537,docs/enterprise-2.0-requirements.md,537,6. פתיחת תביעה,3. בחירת פוליסה.,NOT STARTED,,,טרם אומתה עמידה מלאה בפרט זה; אין להסיק שמימוש בסיסי משלים אותו.
V2.0-L538,docs/enterprise-2.0-requirements.md,538,6. פתיחת תביעה,4. בדיקת תקופת ביטוח.,NOT STARTED,,,טרם אומתה עמידה מלאה בפרט זה; אין להסיק שמימוש בסיסי משלים אותו.
V2.0-L539,docs/enterprise-2.0-requirements.md,539,6. פתיחת תביעה,5. בחירת סוג אירוע.,NOT STARTED,,,טרם אומתה עמידה מלאה בפרט זה; אין להסיק שמימוש בסיסי משלים אותו.
V2.0-L540,docs/enterprise-2.0-requirements.md,540,6. פתיחת תביעה,6. תאריך האירוע.,NOT STARTED,,,טרם אומתה עמידה מלאה בפרט זה; אין להסיק שמימוש בסיסי משלים אותו.
V2.0-L541,docs/enterprise-2.0-requirements.md,541,6. פתיחת תביעה,7. תיאור האירוע.,NOT STARTED,,,טרם אומתה עמידה מלאה בפרט זה; אין להסיק שמימוש בסיסי משלים אותו.
V2.0-L542,docs/enterprise-2.0-requirements.md,542,6. פתיחת תביעה,8. פרטי מרפאה.,NOT STARTED,,,טרם אומתה עמידה מלאה בפרט זה; אין להסיק שמימוש בסיסי משלים אותו.
V2.0-L543,docs/enterprise-2.0-requirements.md,543,6. פתיחת תביעה,9. פרטי וטרינר.,NOT STARTED,,,טרם אומתה עמידה מלאה בפרט זה; אין להסיק שמימוש בסיסי משלים אותו.
V2.0-L544,docs/enterprise-2.0-requirements.md,544,6. פתיחת תביעה,10. אבחנות.,NOT STARTED,,,טרם אומתה עמידה מלאה בפרט זה; אין להסיק שמימוש בסיסי משלים אותו.
V2.0-L545,docs/enterprise-2.0-requirements.md,545,6. פתיחת תביעה,11. טיפולים.,NOT STARTED,,,טרם אומתה עמידה מלאה בפרט זה; אין להסיק שמימוש בסיסי משלים אותו.
V2.0-L546,docs/enterprise-2.0-requirements.md,546,6. פתיחת תביעה,12. תרופות.,NOT STARTED,,,טרם אומתה עמידה מלאה בפרט זה; אין להסיק שמימוש בסיסי משלים אותו.
V2.0-L547,docs/enterprise-2.0-requirements.md,547,6. פתיחת תביעה,13. חשבוניות.,NOT STARTED,,,טרם אומתה עמידה מלאה בפרט זה; אין להסיק שמימוש בסיסי משלים אותו.
V2.0-L548,docs/enterprise-2.0-requirements.md,548,6. פתיחת תביעה,14. מסמכים רפואיים.,NOT STARTED,,,טרם אומתה עמידה מלאה בפרט זה; אין להסיק שמימוש בסיסי משלים אותו.
V2.0-L549,docs/enterprise-2.0-requirements.md,549,6. פתיחת תביעה,15. פירוט עלויות.,NOT STARTED,,,טרם אומתה עמידה מלאה בפרט זה; אין להסיק שמימוש בסיסי משלים אותו.
V2.0-L550,docs/enterprise-2.0-requirements.md,550,6. פתיחת תביעה,16. הצהרת מגיש התביעה.,NOT STARTED,,,טרם אומתה עמידה מלאה בפרט זה; אין להסיק שמימוש בסיסי משלים אותו.
V2.0-L551,docs/enterprise-2.0-requirements.md,551,6. פתיחת תביעה,17. בדיקת שלמות.,NOT STARTED,,,טרם אומתה עמידה מלאה בפרט זה; אין להסיק שמימוש בסיסי משלים אותו.
V2.0-L552,docs/enterprise-2.0-requirements.md,552,6. פתיחת תביעה,18. הגשה.,NOT STARTED,,,טרם אומתה עמידה מלאה בפרט זה; אין להסיק שמימוש בסיסי משלים אותו.
V2.0-L556,docs/enterprise-2.0-requirements.md,556,7. תיק תביעה מרכזי,יש ליצור סביבת עבודה מקצועית עם טאבים:,NOT STARTED,,,טרם אומתה עמידה מלאה בפרט זה; אין להסיק שמימוש בסיסי משלים אותו.
V2.0-L562,docs/enterprise-2.0-requirements.md,562,8. מנוע בדיקת כיסוי,יש לבדוק לכל שורת טיפול:,NOT STARTED,,,טרם אומתה עמידה מלאה בפרט זה; אין להסיק שמימוש בסיסי משלים אותו.
V2.0-L564,docs/enterprise-2.0-requirements.md,564,8. מנוע בדיקת כיסוי,- תוקף הפוליסה במועד האירוע.,NOT STARTED,,,טרם אומתה עמידה מלאה בפרט זה; אין להסיק שמימוש בסיסי משלים אותו.
V2.0-L565,docs/enterprise-2.0-requirements.md,565,8. מנוע בדיקת כיסוי,- סוג הכיסוי.,NOT STARTED,,,טרם אומתה עמידה מלאה בפרט זה; אין להסיק שמימוש בסיסי משלים אותו.
V2.0-L566,docs/enterprise-2.0-requirements.md,566,8. מנוע בדיקת כיסוי,- תקופת אכשרה.,NOT STARTED,,,טרם אומתה עמידה מלאה בפרט זה; אין להסיק שמימוש בסיסי משלים אותו.
V2.0-L567,docs/enterprise-2.0-requirements.md,567,8. מנוע בדיקת כיסוי,- החרגות כלליות.,NOT STARTED,,,טרם אומתה עמידה מלאה בפרט זה; אין להסיק שמימוש בסיסי משלים אותו.
V2.0-L568,docs/enterprise-2.0-requirements.md,568,8. מנוע בדיקת כיסוי,- החרגות אישיות.,NOT STARTED,,,טרם אומתה עמידה מלאה בפרט זה; אין להסיק שמימוש בסיסי משלים אותו.
V2.0-L569,docs/enterprise-2.0-requirements.md,569,8. מנוע בדיקת כיסוי,- תקרת כיסוי.,NOT STARTED,,,טרם אומתה עמידה מלאה בפרט זה; אין להסיק שמימוש בסיסי משלים אותו.
V2.0-L570,docs/enterprise-2.0-requirements.md,570,8. מנוע בדיקת כיסוי,- תקרת משנה.,NOT STARTED,,,טרם אומתה עמידה מלאה בפרט זה; אין להסיק שמימוש בסיסי משלים אותו.
V2.0-L571,docs/enterprise-2.0-requirements.md,571,8. מנוע בדיקת כיסוי,- מגבלת מספר טיפולים.,NOT STARTED,,,טרם אומתה עמידה מלאה בפרט זה; אין להסיק שמימוש בסיסי משלים אותו.
V2.0-L572,docs/enterprise-2.0-requirements.md,572,8. מנוע בדיקת כיסוי,- השתתפות עצמית.,NOT STARTED,,,טרם אומתה עמידה מלאה בפרט זה; אין להסיק שמימוש בסיסי משלים אותו.
V2.0-L573,docs/enterprise-2.0-requirements.md,573,8. מנוע בדיקת כיסוי,- שיעור החזר.,NOT STARTED,,,טרם אומתה עמידה מלאה בפרט זה; אין להסיק שמימוש בסיסי משלים אותו.
V2.0-L574,docs/enterprise-2.0-requirements.md,574,8. מנוע בדיקת כיסוי,- טיפולים קודמים.,NOT STARTED,,,טרם אומתה עמידה מלאה בפרט זה; אין להסיק שמימוש בסיסי משלים אותו.
V2.0-L575,docs/enterprise-2.0-requirements.md,575,8. מנוע בדיקת כיסוי,- תביעות קשורות.,NOT STARTED,,,טרם אומתה עמידה מלאה בפרט זה; אין להסיק שמימוש בסיסי משלים אותו.
V2.0-L576,docs/enterprise-2.0-requirements.md,576,8. מנוע בדיקת כיסוי,- סכומים ששולמו.,NOT STARTED,,,טרם אומתה עמידה מלאה בפרט זה; אין להסיק שמימוש בסיסי משלים אותו.
V2.0-L577,docs/enterprise-2.0-requirements.md,577,8. מנוע בדיקת כיסוי,- סכומים משוריינים.,NOT STARTED,,,טרם אומתה עמידה מלאה בפרט זה; אין להסיק שמימוש בסיסי משלים אותו.
V2.0-L578,docs/enterprise-2.0-requirements.md,578,8. מנוע בדיקת כיסוי,- יתרה זמינה.,NOT STARTED,,,טרם אומתה עמידה מלאה בפרט זה; אין להסיק שמימוש בסיסי משלים אותו.
V2.0-L580,docs/enterprise-2.0-requirements.md,580,8. מנוע בדיקת כיסוי,יש להציג הסבר מפורט לכל החלטה.,NOT STARTED,,,טרם אומתה עמידה מלאה בפרט זה; אין להסיק שמימוש בסיסי משלים אותו.
V2.0-L584,docs/enterprise-2.0-requirements.md,584,9. החלטות תביעה,יש לתמוך ב:,NOT STARTED,,,טרם אומתה עמידה מלאה בפרט זה; אין להסיק שמימוש בסיסי משלים אותו.
V2.0-L586,docs/enterprise-2.0-requirements.md,586,9. החלטות תביעה,- אישור מלא.,NOT STARTED,,,טרם אומתה עמידה מלאה בפרט זה; אין להסיק שמימוש בסיסי משלים אותו.
V2.0-L587,docs/enterprise-2.0-requirements.md,587,9. החלטות תביעה,- אישור חלקי.,NOT STARTED,,,טרם אומתה עמידה מלאה בפרט זה; אין להסיק שמימוש בסיסי משלים אותו.
V2.0-L588,docs/enterprise-2.0-requirements.md,588,9. החלטות תביעה,- דחייה מלאה.,NOT STARTED,,,טרם אומתה עמידה מלאה בפרט זה; אין להסיק שמימוש בסיסי משלים אותו.
V2.0-L589,docs/enterprise-2.0-requirements.md,589,9. החלטות תביעה,- דחייה חלקית.,NOT STARTED,,,טרם אומתה עמידה מלאה בפרט זה; אין להסיק שמימוש בסיסי משלים אותו.
V2.0-L590,docs/enterprise-2.0-requirements.md,590,9. החלטות תביעה,- בקשת מסמכים.,NOT STARTED,,,טרם אומתה עמידה מלאה בפרט זה; אין להסיק שמימוש בסיסי משלים אותו.
V2.0-L591,docs/enterprise-2.0-requirements.md,591,9. החלטות תביעה,- העברה לבדיקה רפואית.,NOT STARTED,,,טרם אומתה עמידה מלאה בפרט זה; אין להסיק שמימוש בסיסי משלים אותו.
V2.0-L592,docs/enterprise-2.0-requirements.md,592,9. החלטות תביעה,- העברה למנהל.,NOT STARTED,,,טרם אומתה עמידה מלאה בפרט זה; אין להסיק שמימוש בסיסי משלים אותו.
V2.0-L593,docs/enterprise-2.0-requirements.md,593,9. החלטות תביעה,- עיכוב החלטה מנומק.,NOT STARTED,,,טרם אומתה עמידה מלאה בפרט זה; אין להסיק שמימוש בסיסי משלים אותו.
V2.0-L594,docs/enterprise-2.0-requirements.md,594,9. החלטות תביעה,- ערעור.,NOT STARTED,,,טרם אומתה עמידה מלאה בפרט זה; אין להסיק שמימוש בסיסי משלים אותו.
V2.0-L595,docs/enterprise-2.0-requirements.md,595,9. החלטות תביעה,- פתיחה מחדש.,NOT STARTED,,,טרם אומתה עמידה מלאה בפרט זה; אין להסיק שמימוש בסיסי משלים אותו.
V2.0-L596,docs/enterprise-2.0-requirements.md,596,9. החלטות תביעה,- תיקון החלטה.,NOT STARTED,,,טרם אומתה עמידה מלאה בפרט זה; אין להסיק שמימוש בסיסי משלים אותו.
V2.0-L598,docs/enterprise-2.0-requirements.md,598,9. החלטות תביעה,כל החלטה חייבת ליצור מסמך מפורט.,NOT STARTED,,,טרם אומתה עמידה מלאה בפרט זה; אין להסיק שמימוש בסיסי משלים אותו.
V2.0-L602,docs/enterprise-2.0-requirements.md,602,10. התחייבויות רפואיות,יש ליצור מודול בקשת התחייבות לטיפול עתידי.,NOT STARTED,,,טרם אומתה עמידה מלאה בפרט זה; אין להסיק שמימוש בסיסי משלים אותו.
V2.0-L606,docs/enterprise-2.0-requirements.md,606,10. התחייבויות רפואיות,- בחירת מבוטח.,NOT STARTED,,,טרם אומתה עמידה מלאה בפרט זה; אין להסיק שמימוש בסיסי משלים אותו.
V2.0-L607,docs/enterprise-2.0-requirements.md,607,10. התחייבויות רפואיות,- בחירת פוליסה.,NOT STARTED,,,טרם אומתה עמידה מלאה בפרט זה; אין להסיק שמימוש בסיסי משלים אותו.
V2.0-L608,docs/enterprise-2.0-requirements.md,608,10. התחייבויות רפואיות,- בחירת טיפול.,NOT STARTED,,,טרם אומתה עמידה מלאה בפרט זה; אין להסיק שמימוש בסיסי משלים אותו.
V2.0-L609,docs/enterprise-2.0-requirements.md,609,10. התחייבויות רפואיות,- הזנת אבחנה.,NOT STARTED,,,טרם אומתה עמידה מלאה בפרט זה; אין להסיק שמימוש בסיסי משלים אותו.
V2.0-L610,docs/enterprise-2.0-requirements.md,610,10. התחייבויות רפואיות,- צירוף המלצת וטרינר.,NOT STARTED,,,טרם אומתה עמידה מלאה בפרט זה; אין להסיק שמימוש בסיסי משלים אותו.
V2.0-L611,docs/enterprise-2.0-requirements.md,611,10. התחייבויות רפואיות,- הערכת עלות.,NOT STARTED,,,טרם אומתה עמידה מלאה בפרט זה; אין להסיק שמימוש בסיסי משלים אותו.
V2.0-L612,docs/enterprise-2.0-requirements.md,612,10. התחייבויות רפואיות,- בדיקת זכאות.,NOT STARTED,,,טרם אומתה עמידה מלאה בפרט זה; אין להסיק שמימוש בסיסי משלים אותו.
V2.0-L613,docs/enterprise-2.0-requirements.md,613,10. התחייבויות רפואיות,- בדיקת יתרות.,NOT STARTED,,,טרם אומתה עמידה מלאה בפרט זה; אין להסיק שמימוש בסיסי משלים אותו.
V2.0-L614,docs/enterprise-2.0-requirements.md,614,10. התחייבויות רפואיות,- החלטה.,NOT STARTED,,,טרם אומתה עמידה מלאה בפרט זה; אין להסיק שמימוש בסיסי משלים אותו.
V2.0-L615,docs/enterprise-2.0-requirements.md,615,10. התחייבויות רפואיות,- יצירת התחייבות מדומה.,NOT STARTED,,,טרם אומתה עמידה מלאה בפרט זה; אין להסיק שמימוש בסיסי משלים אותו.
V2.0-L616,docs/enterprise-2.0-requirements.md,616,10. התחייבויות רפואיות,- תאריך תוקף.,NOT STARTED,,,טרם אומתה עמידה מלאה בפרט זה; אין להסיק שמימוש בסיסי משלים אותו.
V2.0-L617,docs/enterprise-2.0-requirements.md,617,10. התחייבויות רפואיות,- סכום מרבי.,NOT STARTED,,,טרם אומתה עמידה מלאה בפרט זה; אין להסיק שמימוש בסיסי משלים אותו.
V2.0-L618,docs/enterprise-2.0-requirements.md,618,10. התחייבויות רפואיות,- סטטוס ניצול.,NOT STARTED,,,טרם אומתה עמידה מלאה בפרט זה; אין להסיק שמימוש בסיסי משלים אותו.
V2.0-L619,docs/enterprise-2.0-requirements.md,619,10. התחייבויות רפואיות,- ביטול התחייבות.,NOT STARTED,,,טרם אומתה עמידה מלאה בפרט זה; אין להסיק שמימוש בסיסי משלים אותו.
V2.0-L620,docs/enterprise-2.0-requirements.md,620,10. התחייבויות רפואיות,- קישור לתביעה עתידית.,NOT STARTED,,,טרם אומתה עמידה מלאה בפרט זה; אין להסיק שמימוש בסיסי משלים אותו.
V2.0-L622,docs/enterprise-2.0-requirements.md,622,10. התחייבויות רפואיות,"יש להפריד בין אישור התחייבות, שריון יתרה ותשלום בפועל.",NOT STARTED,,,טרם אומתה עמידה מלאה בפרט זה; אין להסיק שמימוש בסיסי משלים אותו.
V2.0-L632,docs/enterprise-2.0-requirements.md,632,11. סביבת עבודה לפוליסה,- פרטים כלליים.,NOT STARTED,,,טרם אומתה עמידה מלאה בפרט זה; אין להסיק שמימוש בסיסי משלים אותו.
V2.0-L633,docs/enterprise-2.0-requirements.md,633,11. סביבת עבודה לפוליסה,- בעל הפוליסה.,NOT STARTED,,,טרם אומתה עמידה מלאה בפרט זה; אין להסיק שמימוש בסיסי משלים אותו.
V2.0-L634,docs/enterprise-2.0-requirements.md,634,11. סביבת עבודה לפוליסה,- בעל החיים.,NOT STARTED,,,טרם אומתה עמידה מלאה בפרט זה; אין להסיק שמימוש בסיסי משלים אותו.
V2.0-L635,docs/enterprise-2.0-requirements.md,635,11. סביבת עבודה לפוליסה,- מוצר וגרסה.,NOT STARTED,,,טרם אומתה עמידה מלאה בפרט זה; אין להסיק שמימוש בסיסי משלים אותו.
V2.0-L636,docs/enterprise-2.0-requirements.md,636,11. סביבת עבודה לפוליסה,- תקופת ביטוח.,NOT STARTED,,,טרם אומתה עמידה מלאה בפרט זה; אין להסיק שמימוש בסיסי משלים אותו.
V2.0-L637,docs/enterprise-2.0-requirements.md,637,11. סביבת עבודה לפוליסה,- מצב פוליסה.,NOT STARTED,,,טרם אומתה עמידה מלאה בפרט זה; אין להסיק שמימוש בסיסי משלים אותו.
V2.0-L638,docs/enterprise-2.0-requirements.md,638,11. סביבת עבודה לפוליסה,- פרמיה.,NOT STARTED,,,טרם אומתה עמידה מלאה בפרט זה; אין להסיק שמימוש בסיסי משלים אותו.
V2.0-L639,docs/enterprise-2.0-requirements.md,639,11. סביבת עבודה לפוליסה,- לוח תשלומים.,NOT STARTED,,,טרם אומתה עמידה מלאה בפרט זה; אין להסיק שמימוש בסיסי משלים אותו.
V2.0-L640,docs/enterprise-2.0-requirements.md,640,11. סביבת עבודה לפוליסה,- כיסויים.,NOT STARTED,,,טרם אומתה עמידה מלאה בפרט זה; אין להסיק שמימוש בסיסי משלים אותו.
V2.0-L641,docs/enterprise-2.0-requirements.md,641,11. סביבת עבודה לפוליסה,- החרגות.,NOT STARTED,,,טרם אומתה עמידה מלאה בפרט זה; אין להסיק שמימוש בסיסי משלים אותו.
V2.0-L642,docs/enterprise-2.0-requirements.md,642,11. סביבת עבודה לפוליסה,- תקופות אכשרה.,NOT STARTED,,,טרם אומתה עמידה מלאה בפרט זה; אין להסיק שמימוש בסיסי משלים אותו.
V2.0-L643,docs/enterprise-2.0-requirements.md,643,11. סביבת עבודה לפוליסה,- תביעות.,NOT STARTED,,,טרם אומתה עמידה מלאה בפרט זה; אין להסיק שמימוש בסיסי משלים אותו.
V2.0-L644,docs/enterprise-2.0-requirements.md,644,11. סביבת עבודה לפוליסה,- התחייבויות.,NOT STARTED,,,טרם אומתה עמידה מלאה בפרט זה; אין להסיק שמימוש בסיסי משלים אותו.
V2.0-L645,docs/enterprise-2.0-requirements.md,645,11. סביבת עבודה לפוליסה,- יתרות.,NOT STARTED,,,טרם אומתה עמידה מלאה בפרט זה; אין להסיק שמימוש בסיסי משלים אותו.
V2.0-L646,docs/enterprise-2.0-requirements.md,646,11. סביבת עבודה לפוליסה,- מסמכים.,NOT STARTED,,,טרם אומתה עמידה מלאה בפרט זה; אין להסיק שמימוש בסיסי משלים אותו.
V2.0-L647,docs/enterprise-2.0-requirements.md,647,11. סביבת עבודה לפוליסה,- חתימות.,NOT STARTED,,,טרם אומתה עמידה מלאה בפרט זה; אין להסיק שמימוש בסיסי משלים אותו.
V2.0-L648,docs/enterprise-2.0-requirements.md,648,11. סביבת עבודה לפוליסה,- שינויים.,NOT STARTED,,,טרם אומתה עמידה מלאה בפרט זה; אין להסיק שמימוש בסיסי משלים אותו.
V2.0-L649,docs/enterprise-2.0-requirements.md,649,11. סביבת עבודה לפוליסה,- פניות.,NOT STARTED,,,טרם אומתה עמידה מלאה בפרט זה; אין להסיק שמימוש בסיסי משלים אותו.
V2.0-L650,docs/enterprise-2.0-requirements.md,650,11. סביבת עבודה לפוליסה,- הערות.,NOT STARTED,,,טרם אומתה עמידה מלאה בפרט זה; אין להסיק שמימוש בסיסי משלים אותו.
V2.0-L651,docs/enterprise-2.0-requirements.md,651,11. סביבת עבודה לפוליסה,- אירועים.,NOT STARTED,,,טרם אומתה עמידה מלאה בפרט זה; אין להסיק שמימוש בסיסי משלים אותו.
V2.0-L652,docs/enterprise-2.0-requirements.md,652,11. סביבת עבודה לפוליסה,- היסטוריה.,NOT STARTED,,,טרם אומתה עמידה מלאה בפרט זה; אין להסיק שמימוש בסיסי משלים אותו.
V2.0-L656,docs/enterprise-2.0-requirements.md,656,12. פעולות פוליסה,יש לממש תהליכים מלאים עבור:,NOT STARTED,,,טרם אומתה עמידה מלאה בפרט זה; אין להסיק שמימוש בסיסי משלים אותו.
V2.0-L658,docs/enterprise-2.0-requirements.md,658,12. פעולות פוליסה,- שינוי כתובת.,NOT STARTED,,,טרם אומתה עמידה מלאה בפרט זה; אין להסיק שמימוש בסיסי משלים אותו.
V2.0-L659,docs/enterprise-2.0-requirements.md,659,12. פעולות פוליסה,- שינוי טלפון.,NOT STARTED,,,טרם אומתה עמידה מלאה בפרט זה; אין להסיק שמימוש בסיסי משלים אותו.
V2.0-L660,docs/enterprise-2.0-requirements.md,660,12. פעולות פוליסה,"- שינוי דוא""ל.",NOT STARTED,,,טרם אומתה עמידה מלאה בפרט זה; אין להסיק שמימוש בסיסי משלים אותו.
V2.0-L661,docs/enterprise-2.0-requirements.md,661,12. פעולות פוליסה,- תיקון פרטי בעל חיים.,NOT STARTED,,,טרם אומתה עמידה מלאה בפרט זה; אין להסיק שמימוש בסיסי משלים אותו.
V2.0-L662,docs/enterprise-2.0-requirements.md,662,12. פעולות פוליסה,- שינוי מספר שבב.,NOT STARTED,,,טרם אומתה עמידה מלאה בפרט זה; אין להסיק שמימוש בסיסי משלים אותו.
V2.0-L663,docs/enterprise-2.0-requirements.md,663,12. פעולות פוליסה,- עדכון מצב רפואי.,NOT STARTED,,,טרם אומתה עמידה מלאה בפרט זה; אין להסיק שמימוש בסיסי משלים אותו.
V2.0-L664,docs/enterprise-2.0-requirements.md,664,12. פעולות פוליסה,- שינוי מסלול.,NOT STARTED,,,טרם אומתה עמידה מלאה בפרט זה; אין להסיק שמימוש בסיסי משלים אותו.
V2.0-L665,docs/enterprise-2.0-requirements.md,665,12. פעולות פוליסה,- הוספת הרחבה.,NOT STARTED,,,טרם אומתה עמידה מלאה בפרט זה; אין להסיק שמימוש בסיסי משלים אותו.
V2.0-L666,docs/enterprise-2.0-requirements.md,666,12. פעולות פוליסה,- הסרת הרחבה.,NOT STARTED,,,טרם אומתה עמידה מלאה בפרט זה; אין להסיק שמימוש בסיסי משלים אותו.
V2.0-L667,docs/enterprise-2.0-requirements.md,667,12. פעולות פוליסה,- שינוי השתתפות עצמית.,NOT STARTED,,,טרם אומתה עמידה מלאה בפרט זה; אין להסיק שמימוש בסיסי משלים אותו.
V2.0-L668,docs/enterprise-2.0-requirements.md,668,12. פעולות פוליסה,- שינוי תקרה.,NOT STARTED,,,טרם אומתה עמידה מלאה בפרט זה; אין להסיק שמימוש בסיסי משלים אותו.
V2.0-L669,docs/enterprise-2.0-requirements.md,669,12. פעולות פוליסה,- שינוי אמצעי תשלום.,NOT STARTED,,,טרם אומתה עמידה מלאה בפרט זה; אין להסיק שמימוש בסיסי משלים אותו.
V2.0-L670,docs/enterprise-2.0-requirements.md,670,12. פעולות פוליסה,- שינוי תדירות תשלום.,NOT STARTED,,,טרם אומתה עמידה מלאה בפרט זה; אין להסיק שמימוש בסיסי משלים אותו.
V2.0-L671,docs/enterprise-2.0-requirements.md,671,12. פעולות פוליסה,- חידוש.,NOT STARTED,,,טרם אומתה עמידה מלאה בפרט זה; אין להסיק שמימוש בסיסי משלים אותו.
V2.0-L672,docs/enterprise-2.0-requirements.md,672,12. פעולות פוליסה,- אי-חידוש.,NOT STARTED,,,טרם אומתה עמידה מלאה בפרט זה; אין להסיק שמימוש בסיסי משלים אותו.
V2.0-L673,docs/enterprise-2.0-requirements.md,673,12. פעולות פוליסה,- השעיה.,NOT STARTED,,,טרם אומתה עמידה מלאה בפרט זה; אין להסיק שמימוש בסיסי משלים אותו.
V2.0-L674,docs/enterprise-2.0-requirements.md,674,12. פעולות פוליסה,- הפעלה מחדש.,NOT STARTED,,,טרם אומתה עמידה מלאה בפרט זה; אין להסיק שמימוש בסיסי משלים אותו.
V2.0-L675,docs/enterprise-2.0-requirements.md,675,12. פעולות פוליסה,- ביטול.,NOT STARTED,,,טרם אומתה עמידה מלאה בפרט זה; אין להסיק שמימוש בסיסי משלים אותו.
V2.0-L676,docs/enterprise-2.0-requirements.md,676,12. פעולות פוליסה,- ביטול עתידי.,NOT STARTED,,,טרם אומתה עמידה מלאה בפרט זה; אין להסיק שמימוש בסיסי משלים אותו.
V2.0-L677,docs/enterprise-2.0-requirements.md,677,12. פעולות פוליסה,- תיקון ביטול.,NOT STARTED,,,טרם אומתה עמידה מלאה בפרט זה; אין להסיק שמימוש בסיסי משלים אותו.
V2.0-L678,docs/enterprise-2.0-requirements.md,678,12. פעולות פוליסה,- הפקת אישור ביטוח.,NOT STARTED,,,טרם אומתה עמידה מלאה בפרט זה; אין להסיק שמימוש בסיסי משלים אותו.
V2.0-L679,docs/enterprise-2.0-requirements.md,679,12. פעולות פוליסה,- הפקת נספח.,NOT STARTED,,,טרם אומתה עמידה מלאה בפרט זה; אין להסיק שמימוש בסיסי משלים אותו.
V2.0-L680,docs/enterprise-2.0-requirements.md,680,12. פעולות פוליסה,- פתיחת בקשת חריגה.,NOT STARTED,,,טרם אומתה עמידה מלאה בפרט זה; אין להסיק שמימוש בסיסי משלים אותו.
V2.0-L681,docs/enterprise-2.0-requirements.md,681,12. פעולות פוליסה,- העברה למנהל.,NOT STARTED,,,טרם אומתה עמידה מלאה בפרט זה; אין להסיק שמימוש בסיסי משלים אותו.
V2.0-L683,docs/enterprise-2.0-requirements.md,683,12. פעולות פוליסה,"כל פעולה משמעותית חייבת לכלול אשף, בדיקות, אישורים, תיעוד והשפעה על המודולים הרלוונטיים.",NOT STARTED,,,טרם אומתה עמידה מלאה בפרט זה; אין להסיק שמימוש בסיסי משלים אותו.
V2.0-L691,docs/enterprise-2.0-requirements.md,691,13. תיק פיננסי למבוטח,יש ליצור ספר תנועות מפורט:,NOT STARTED,,,טרם אומתה עמידה מלאה בפרט זה; אין להסיק שמימוש בסיסי משלים אותו.
V2.0-L693,docs/enterprise-2.0-requirements.md,693,13. תיק פיננסי למבוטח,- חיובים.,NOT STARTED,,,טרם אומתה עמידה מלאה בפרט זה; אין להסיק שמימוש בסיסי משלים אותו.
V2.0-L694,docs/enterprise-2.0-requirements.md,694,13. תיק פיננסי למבוטח,- גבייה.,NOT STARTED,,,טרם אומתה עמידה מלאה בפרט זה; אין להסיק שמימוש בסיסי משלים אותו.
V2.0-L695,docs/enterprise-2.0-requirements.md,695,13. תיק פיננסי למבוטח,- תשלומים.,NOT STARTED,,,טרם אומתה עמידה מלאה בפרט זה; אין להסיק שמימוש בסיסי משלים אותו.
V2.0-L696,docs/enterprise-2.0-requirements.md,696,13. תיק פיננסי למבוטח,- חובות.,NOT STARTED,,,טרם אומתה עמידה מלאה בפרט זה; אין להסיק שמימוש בסיסי משלים אותו.
V2.0-L697,docs/enterprise-2.0-requirements.md,697,13. תיק פיננסי למבוטח,- זיכויים.,NOT STARTED,,,טרם אומתה עמידה מלאה בפרט זה; אין להסיק שמימוש בסיסי משלים אותו.
V2.0-L698,docs/enterprise-2.0-requirements.md,698,13. תיק פיננסי למבוטח,- החזרים.,NOT STARTED,,,טרם אומתה עמידה מלאה בפרט זה; אין להסיק שמימוש בסיסי משלים אותו.
V2.0-L699,docs/enterprise-2.0-requirements.md,699,13. תיק פיננסי למבוטח,- תשלומי תביעות.,NOT STARTED,,,טרם אומתה עמידה מלאה בפרט זה; אין להסיק שמימוש בסיסי משלים אותו.
V2.0-L700,docs/enterprise-2.0-requirements.md,700,13. תיק פיננסי למבוטח,- התאמות.,NOT STARTED,,,טרם אומתה עמידה מלאה בפרט זה; אין להסיק שמימוש בסיסי משלים אותו.
V2.0-L701,docs/enterprise-2.0-requirements.md,701,13. תיק פיננסי למבוטח,- יתרות.,NOT STARTED,,,טרם אומתה עמידה מלאה בפרט זה; אין להסיק שמימוש בסיסי משלים אותו.
V2.0-L702,docs/enterprise-2.0-requirements.md,702,13. תיק פיננסי למבוטח,- לוחות תשלום.,NOT STARTED,,,טרם אומתה עמידה מלאה בפרט זה; אין להסיק שמימוש בסיסי משלים אותו.
V2.0-L703,docs/enterprise-2.0-requirements.md,703,13. תיק פיננסי למבוטח,- אירועים פיננסיים.,NOT STARTED,,,טרם אומתה עמידה מלאה בפרט זה; אין להסיק שמימוש בסיסי משלים אותו.
V2.0-L707,docs/enterprise-2.0-requirements.md,707,14. תהליכים פיננסיים,יש לממש:,NOT STARTED,,,טרם אומתה עמידה מלאה בפרט זה; אין להסיק שמימוש בסיסי משלים אותו.
V2.0-L709,docs/enterprise-2.0-requirements.md,709,14. תהליכים פיננסיים,- הפקת חיוב.,NOT STARTED,,,טרם אומתה עמידה מלאה בפרט זה; אין להסיק שמימוש בסיסי משלים אותו.
V2.0-L710,docs/enterprise-2.0-requirements.md,710,14. תהליכים פיננסיים,- גבייה מדומה.,NOT STARTED,,,טרם אומתה עמידה מלאה בפרט זה; אין להסיק שמימוש בסיסי משלים אותו.
V2.0-L711,docs/enterprise-2.0-requirements.md,711,14. תהליכים פיננסיים,- גבייה חלקית.,NOT STARTED,,,טרם אומתה עמידה מלאה בפרט זה; אין להסיק שמימוש בסיסי משלים אותו.
V2.0-L712,docs/enterprise-2.0-requirements.md,712,14. תהליכים פיננסיים,- כישלון גבייה.,NOT STARTED,,,טרם אומתה עמידה מלאה בפרט זה; אין להסיק שמימוש בסיסי משלים אותו.
V2.0-L713,docs/enterprise-2.0-requirements.md,713,14. תהליכים פיננסיים,- ניסיון גבייה חוזר.,NOT STARTED,,,טרם אומתה עמידה מלאה בפרט זה; אין להסיק שמימוש בסיסי משלים אותו.
V2.0-L714,docs/enterprise-2.0-requirements.md,714,14. תהליכים פיננסיים,- שינוי אמצעי תשלום.,NOT STARTED,,,טרם אומתה עמידה מלאה בפרט זה; אין להסיק שמימוש בסיסי משלים אותו.
V2.0-L715,docs/enterprise-2.0-requirements.md,715,14. תהליכים פיננסיים,- הפקת זיכוי.,NOT STARTED,,,טרם אומתה עמידה מלאה בפרט זה; אין להסיק שמימוש בסיסי משלים אותו.
V2.0-L716,docs/enterprise-2.0-requirements.md,716,14. תהליכים פיננסיים,- אישור החזר.,NOT STARTED,,,טרם אומתה עמידה מלאה בפרט זה; אין להסיק שמימוש בסיסי משלים אותו.
V2.0-L717,docs/enterprise-2.0-requirements.md,717,14. תהליכים פיננסיים,- ביצוע החזר מדומה.,NOT STARTED,,,טרם אומתה עמידה מלאה בפרט זה; אין להסיק שמימוש בסיסי משלים אותו.
V2.0-L718,docs/enterprise-2.0-requirements.md,718,14. תהליכים פיננסיים,- ביטול תנועה באמצעות תנועת היפוך.,NOT STARTED,,,טרם אומתה עמידה מלאה בפרט זה; אין להסיק שמימוש בסיסי משלים אותו.
V2.0-L719,docs/enterprise-2.0-requirements.md,719,14. תהליכים פיננסיים,- חישוב חוב.,NOT STARTED,,,טרם אומתה עמידה מלאה בפרט זה; אין להסיק שמימוש בסיסי משלים אותו.
V2.0-L720,docs/enterprise-2.0-requirements.md,720,14. תהליכים פיננסיים,- הסדר תשלומים מדומה.,NOT STARTED,,,טרם אומתה עמידה מלאה בפרט זה; אין להסיק שמימוש בסיסי משלים אותו.
V2.0-L721,docs/enterprise-2.0-requirements.md,721,14. תהליכים פיננסיים,- טיפול בפיגור.,NOT STARTED,,,טרם אומתה עמידה מלאה בפרט זה; אין להסיק שמימוש בסיסי משלים אותו.
V2.0-L722,docs/enterprise-2.0-requirements.md,722,14. תהליכים פיננסיים,- התאמת תנועות.,NOT STARTED,,,טרם אומתה עמידה מלאה בפרט זה; אין להסיק שמימוש בסיסי משלים אותו.
V2.0-L723,docs/enterprise-2.0-requirements.md,723,14. תהליכים פיננסיים,- הפקת דוח יתרה.,NOT STARTED,,,טרם אומתה עמידה מלאה בפרט זה; אין להסיק שמימוש בסיסי משלים אותו.
V2.0-L725,docs/enterprise-2.0-requirements.md,725,14. תהליכים פיננסיים,"כל תנועה חייבת להיות עקבית מבחינה חשבונאית, מתועדת ומוגנת מפני ביצוע כפול.",NOT STARTED,,,טרם אומתה עמידה מלאה בפרט זה; אין להסיק שמימוש בסיסי משלים אותו.
V2.0-L733,docs/enterprise-2.0-requirements.md,733,15. מנוע מסמכים,יש לפתח מערכת מסמכים שאינה מסתפקת ביצירת PDF בסיסי.,NOT STARTED,,,טרם אומתה עמידה מלאה בפרט זה; אין להסיק שמימוש בסיסי משלים אותו.
V2.0-L739,docs/enterprise-2.0-requirements.md,739,15. מנוע מסמכים,1. טופס הצטרפות.,NOT STARTED,,,טרם אומתה עמידה מלאה בפרט זה; אין להסיק שמימוש בסיסי משלים אותו.
V2.0-L740,docs/enterprise-2.0-requirements.md,740,15. מנוע מסמכים,2. שאלון פרטי מבוטח.,NOT STARTED,,,טרם אומתה עמידה מלאה בפרט זה; אין להסיק שמימוש בסיסי משלים אותו.
V2.0-L741,docs/enterprise-2.0-requirements.md,741,15. מנוע מסמכים,3. שאלון פרטי בעל חיים.,NOT STARTED,,,טרם אומתה עמידה מלאה בפרט זה; אין להסיק שמימוש בסיסי משלים אותו.
V2.0-L742,docs/enterprise-2.0-requirements.md,742,15. מנוע מסמכים,4. הצהרת בריאות.,NOT STARTED,,,טרם אומתה עמידה מלאה בפרט זה; אין להסיק שמימוש בסיסי משלים אותו.
V2.0-L743,docs/enterprise-2.0-requirements.md,743,15. מנוע מסמכים,5. שאלון רפואי מורחב.,NOT STARTED,,,טרם אומתה עמידה מלאה בפרט זה; אין להסיק שמימוש בסיסי משלים אותו.
V2.0-L744,docs/enterprise-2.0-requirements.md,744,15. מנוע מסמכים,6. הצעת ביטוח.,NOT STARTED,,,טרם אומתה עמידה מלאה בפרט זה; אין להסיק שמימוש בסיסי משלים אותו.
V2.0-L745,docs/enterprise-2.0-requirements.md,745,15. מנוע מסמכים,7. סיכום חיתום.,NOT STARTED,,,טרם אומתה עמידה מלאה בפרט זה; אין להסיק שמימוש בסיסי משלים אותו.
V2.0-L746,docs/enterprise-2.0-requirements.md,746,15. מנוע מסמכים,8. אישור חיתום.,NOT STARTED,,,טרם אומתה עמידה מלאה בפרט זה; אין להסיק שמימוש בסיסי משלים אותו.
V2.0-L747,docs/enterprise-2.0-requirements.md,747,15. מנוע מסמכים,9. הודעת החרגה.,NOT STARTED,,,טרם אומתה עמידה מלאה בפרט זה; אין להסיק שמימוש בסיסי משלים אותו.
V2.0-L748,docs/enterprise-2.0-requirements.md,748,15. מנוע מסמכים,10. הודעת דחיית הצטרפות.,NOT STARTED,,,טרם אומתה עמידה מלאה בפרט זה; אין להסיק שמימוש בסיסי משלים אותו.
V2.0-L749,docs/enterprise-2.0-requirements.md,749,15. מנוע מסמכים,11. דף פרטי ביטוח.,NOT STARTED,,,טרם אומתה עמידה מלאה בפרט זה; אין להסיק שמימוש בסיסי משלים אותו.
V2.0-L750,docs/enterprise-2.0-requirements.md,750,15. מנוע מסמכים,12. תנאים מיוחדים.,NOT STARTED,,,טרם אומתה עמידה מלאה בפרט זה; אין להסיק שמימוש בסיסי משלים אותו.
V2.0-L751,docs/enterprise-2.0-requirements.md,751,15. מנוע מסמכים,13. אישור פוליסה.,NOT STARTED,,,טרם אומתה עמידה מלאה בפרט זה; אין להסיק שמימוש בסיסי משלים אותו.
V2.0-L752,docs/enterprise-2.0-requirements.md,752,15. מנוע מסמכים,14. נספח שינוי.,NOT STARTED,,,טרם אומתה עמידה מלאה בפרט זה; אין להסיק שמימוש בסיסי משלים אותו.
V2.0-L753,docs/enterprise-2.0-requirements.md,753,15. מנוע מסמכים,15. אישור חידוש.,NOT STARTED,,,טרם אומתה עמידה מלאה בפרט זה; אין להסיק שמימוש בסיסי משלים אותו.
V2.0-L754,docs/enterprise-2.0-requirements.md,754,15. מנוע מסמכים,16. אישור ביטול.,NOT STARTED,,,טרם אומתה עמידה מלאה בפרט זה; אין להסיק שמימוש בסיסי משלים אותו.
V2.0-L755,docs/enterprise-2.0-requirements.md,755,15. מנוע מסמכים,17. בקשת תביעה.,NOT STARTED,,,טרם אומתה עמידה מלאה בפרט זה; אין להסיק שמימוש בסיסי משלים אותו.
V2.0-L756,docs/enterprise-2.0-requirements.md,756,15. מנוע מסמכים,18. אישור קבלת תביעה.,NOT STARTED,,,טרם אומתה עמידה מלאה בפרט זה; אין להסיק שמימוש בסיסי משלים אותו.
V2.0-L757,docs/enterprise-2.0-requirements.md,757,15. מנוע מסמכים,19. דרישת מסמכים.,NOT STARTED,,,טרם אומתה עמידה מלאה בפרט זה; אין להסיק שמימוש בסיסי משלים אותו.
V2.0-L758,docs/enterprise-2.0-requirements.md,758,15. מנוע מסמכים,20. מכתב אישור תביעה.,NOT STARTED,,,טרם אומתה עמידה מלאה בפרט זה; אין להסיק שמימוש בסיסי משלים אותו.
V2.0-L759,docs/enterprise-2.0-requirements.md,759,15. מנוע מסמכים,21. מכתב אישור חלקי.,NOT STARTED,,,טרם אומתה עמידה מלאה בפרט זה; אין להסיק שמימוש בסיסי משלים אותו.
V2.0-L760,docs/enterprise-2.0-requirements.md,760,15. מנוע מסמכים,22. מכתב דחייה.,NOT STARTED,,,טרם אומתה עמידה מלאה בפרט זה; אין להסיק שמימוש בסיסי משלים אותו.
V2.0-L761,docs/enterprise-2.0-requirements.md,761,15. מנוע מסמכים,23. פירוט חישוב תגמולים.,NOT STARTED,,,טרם אומתה עמידה מלאה בפרט זה; אין להסיק שמימוש בסיסי משלים אותו.
V2.0-L762,docs/enterprise-2.0-requirements.md,762,15. מנוע מסמכים,24. הוראת תשלום.,NOT STARTED,,,טרם אומתה עמידה מלאה בפרט זה; אין להסיק שמימוש בסיסי משלים אותו.
V2.0-L763,docs/enterprise-2.0-requirements.md,763,15. מנוע מסמכים,25. אישור תשלום.,NOT STARTED,,,טרם אומתה עמידה מלאה בפרט זה; אין להסיק שמימוש בסיסי משלים אותו.
V2.0-L764,docs/enterprise-2.0-requirements.md,764,15. מנוע מסמכים,26. אישור זיכוי.,NOT STARTED,,,טרם אומתה עמידה מלאה בפרט זה; אין להסיק שמימוש בסיסי משלים אותו.
V2.0-L765,docs/enterprise-2.0-requirements.md,765,15. מנוע מסמכים,27. הודעת חוב.,NOT STARTED,,,טרם אומתה עמידה מלאה בפרט זה; אין להסיק שמימוש בסיסי משלים אותו.
V2.0-L766,docs/enterprise-2.0-requirements.md,766,15. מנוע מסמכים,28. אישור התחייבות רפואית.,NOT STARTED,,,טרם אומתה עמידה מלאה בפרט זה; אין להסיק שמימוש בסיסי משלים אותו.
V2.0-L767,docs/enterprise-2.0-requirements.md,767,15. מנוע מסמכים,29. כתב ויתור סודיות.,NOT STARTED,,,טרם אומתה עמידה מלאה בפרט זה; אין להסיק שמימוש בסיסי משלים אותו.
V2.0-L768,docs/enterprise-2.0-requirements.md,768,15. מנוע מסמכים,30. טופס הסכמה.,NOT STARTED,,,טרם אומתה עמידה מלאה בפרט זה; אין להסיק שמימוש בסיסי משלים אותו.
V2.0-L769,docs/enterprise-2.0-requirements.md,769,15. מנוע מסמכים,31. אישור חתימה מדומה.,IN PROGRESS,apps/api/src/documents.ts; apps/api/src/signing.ts; apps/web/src/components/enrollment-workspace.tsx,tests/enrollment-api.test.ts; tests/e2e/enrollment.spec.ts,מימוש פעיל; בדיקת דפדפן עדכנית בתהליך. הרחבות מסמכים נוספות נשארו פתוחות.
V2.0-L770,docs/enterprise-2.0-requirements.md,770,15. מנוע מסמכים,32. סיכום פנייה.,NOT STARTED,,,טרם אומתה עמידה מלאה בפרט זה; אין להסיק שמימוש בסיסי משלים אותו.
V2.0-L771,docs/enterprise-2.0-requirements.md,771,15. מנוע מסמכים,33. דוח פעילות פוליסה.,NOT STARTED,,,טרם אומתה עמידה מלאה בפרט זה; אין להסיק שמימוש בסיסי משלים אותו.
V2.0-L772,docs/enterprise-2.0-requirements.md,772,15. מנוע מסמכים,34. דוח תביעות.,NOT STARTED,,,טרם אומתה עמידה מלאה בפרט זה; אין להסיק שמימוש בסיסי משלים אותו.
V2.0-L773,docs/enterprise-2.0-requirements.md,773,15. מנוע מסמכים,35. דוח תנועות כספיות.,NOT STARTED,,,טרם אומתה עמידה מלאה בפרט זה; אין להסיק שמימוש בסיסי משלים אותו.
V2.0-L775,docs/enterprise-2.0-requirements.md,775,15. מנוע מסמכים,יש לאפשר:,NOT STARTED,,,טרם אומתה עמידה מלאה בפרט זה; אין להסיק שמימוש בסיסי משלים אותו.
V2.0-L777,docs/enterprise-2.0-requirements.md,777,15. מנוע מסמכים,- תצוגה מקדימה.,NOT STARTED,,,טרם אומתה עמידה מלאה בפרט זה; אין להסיק שמימוש בסיסי משלים אותו.
V2.0-L778,docs/enterprise-2.0-requirements.md,778,15. מנוע מסמכים,- עריכה של שדות מותרים.,NOT STARTED,,,טרם אומתה עמידה מלאה בפרט זה; אין להסיק שמימוש בסיסי משלים אותו.
V2.0-L779,docs/enterprise-2.0-requirements.md,779,15. מנוע מסמכים,- יצירת PDF.,IN PROGRESS,apps/api/src/documents.ts; apps/api/src/signing.ts; apps/web/src/components/enrollment-workspace.tsx,tests/enrollment-api.test.ts; tests/e2e/enrollment.spec.ts,מימוש פעיל; בדיקת דפדפן עדכנית בתהליך. הרחבות מסמכים נוספות נשארו פתוחות.
V2.0-L780,docs/enterprise-2.0-requirements.md,780,15. מנוע מסמכים,- מספור.,NOT STARTED,,,טרם אומתה עמידה מלאה בפרט זה; אין להסיק שמימוש בסיסי משלים אותו.
V2.0-L781,docs/enterprise-2.0-requirements.md,781,15. מנוע מסמכים,- גרסאות.,NOT STARTED,,,טרם אומתה עמידה מלאה בפרט זה; אין להסיק שמימוש בסיסי משלים אותו.
V2.0-L782,docs/enterprise-2.0-requirements.md,782,15. מנוע מסמכים,- חתימה מדומה.,IN PROGRESS,apps/api/src/documents.ts; apps/api/src/signing.ts; apps/web/src/components/enrollment-workspace.tsx,tests/enrollment-api.test.ts; tests/e2e/enrollment.spec.ts,מימוש פעיל; בדיקת דפדפן עדכנית בתהליך. הרחבות מסמכים נוספות נשארו פתוחות.
V2.0-L783,docs/enterprise-2.0-requirements.md,783,15. מנוע מסמכים,- שמירה בתיק לקוח.,NOT STARTED,,,טרם אומתה עמידה מלאה בפרט זה; אין להסיק שמימוש בסיסי משלים אותו.
V2.0-L784,docs/enterprise-2.0-requirements.md,784,15. מנוע מסמכים,- קישור לפוליסה.,NOT STARTED,,,טרם אומתה עמידה מלאה בפרט זה; אין להסיק שמימוש בסיסי משלים אותו.
V2.0-L785,docs/enterprise-2.0-requirements.md,785,15. מנוע מסמכים,- קישור לתביעה.,NOT STARTED,,,טרם אומתה עמידה מלאה בפרט זה; אין להסיק שמימוש בסיסי משלים אותו.
V2.0-L786,docs/enterprise-2.0-requirements.md,786,15. מנוע מסמכים,- הורדה.,NOT STARTED,,,טרם אומתה עמידה מלאה בפרט זה; אין להסיק שמימוש בסיסי משלים אותו.
V2.0-L787,docs/enterprise-2.0-requirements.md,787,15. מנוע מסמכים,- הפקה חוזרת.,NOT STARTED,,,טרם אומתה עמידה מלאה בפרט זה; אין להסיק שמימוש בסיסי משלים אותו.
V2.0-L788,docs/enterprise-2.0-requirements.md,788,15. מנוע מסמכים,- ביטול מסמך באמצעות סטטוס מתאים.,NOT STARTED,,,טרם אומתה עמידה מלאה בפרט זה; אין להסיק שמימוש בסיסי משלים אותו.
V2.0-L789,docs/enterprise-2.0-requirements.md,789,15. מנוע מסמכים,- תיעוד.,NOT STARTED,,,טרם אומתה עמידה מלאה בפרט זה; אין להסיק שמימוש בסיסי משלים אותו.
V2.0-L799,docs/enterprise-2.0-requirements.md,799,16. מערכת עבודה למרפאות,יש ליצור פורטל נפרד למרפאות וטרינריות.,NOT STARTED,,,טרם אומתה עמידה מלאה בפרט זה; אין להסיק שמימוש בסיסי משלים אותו.
V2.0-L803,docs/enterprise-2.0-requirements.md,803,16. מערכת עבודה למרפאות,- התחברות מרפאה.,NOT STARTED,,,טרם אומתה עמידה מלאה בפרט זה; אין להסיק שמימוש בסיסי משלים אותו.
V2.0-L804,docs/enterprise-2.0-requirements.md,804,16. מערכת עבודה למרפאות,- ניהול וטרינרים מורשים.,NOT STARTED,,,טרם אומתה עמידה מלאה בפרט זה; אין להסיק שמימוש בסיסי משלים אותו.
V2.0-L805,docs/enterprise-2.0-requirements.md,805,16. מערכת עבודה למרפאות,- איתור פוליסה באמצעות פרטים מורשים.,NOT STARTED,,,טרם אומתה עמידה מלאה בפרט זה; אין להסיק שמימוש בסיסי משלים אותו.
V2.0-L806,docs/enterprise-2.0-requirements.md,806,16. מערכת עבודה למרפאות,- בדיקת זכאות מוגבלת.,NOT STARTED,,,טרם אומתה עמידה מלאה בפרט זה; אין להסיק שמימוש בסיסי משלים אותו.
V2.0-L807,docs/enterprise-2.0-requirements.md,807,16. מערכת עבודה למרפאות,- הגשת תביעה.,NOT STARTED,,,טרם אומתה עמידה מלאה בפרט זה; אין להסיק שמימוש בסיסי משלים אותו.
V2.0-L808,docs/enterprise-2.0-requirements.md,808,16. מערכת עבודה למרפאות,- העלאת מסמכים.,NOT STARTED,,,טרם אומתה עמידה מלאה בפרט זה; אין להסיק שמימוש בסיסי משלים אותו.
V2.0-L809,docs/enterprise-2.0-requirements.md,809,16. מערכת עבודה למרפאות,- בקשת התחייבות.,NOT STARTED,,,טרם אומתה עמידה מלאה בפרט זה; אין להסיק שמימוש בסיסי משלים אותו.
V2.0-L810,docs/enterprise-2.0-requirements.md,810,16. מערכת עבודה למרפאות,- צפייה בסטטוס בקשה.,NOT STARTED,,,טרם אומתה עמידה מלאה בפרט זה; אין להסיק שמימוש בסיסי משלים אותו.
V2.0-L811,docs/enterprise-2.0-requirements.md,811,16. מערכת עבודה למרפאות,- השלמת מסמכים.,NOT STARTED,,,טרם אומתה עמידה מלאה בפרט זה; אין להסיק שמימוש בסיסי משלים אותו.
V2.0-L812,docs/enterprise-2.0-requirements.md,812,16. מערכת עבודה למרפאות,- קבלת החלטות.,NOT STARTED,,,טרם אומתה עמידה מלאה בפרט זה; אין להסיק שמימוש בסיסי משלים אותו.
V2.0-L813,docs/enterprise-2.0-requirements.md,813,16. מערכת עבודה למרפאות,- צפייה בהתחייבויות מאושרות.,NOT STARTED,,,טרם אומתה עמידה מלאה בפרט זה; אין להסיק שמימוש בסיסי משלים אותו.
V2.0-L815,docs/enterprise-2.0-requirements.md,815,16. מערכת עבודה למרפאות,"יש לאכוף הרשאות והסכמות, ולא לחשוף מידע רפואי או אישי של לקוחות אחרים.",NOT STARTED,,,טרם אומתה עמידה מלאה בפרט זה; אין להסיק שמימוש בסיסי משלים אותו.
V2.0-L823,docs/enterprise-2.0-requirements.md,823,17. מוקד שירות מקצועי,יש ליצור ממשק לנציגי שירות.,NOT STARTED,,,טרם אומתה עמידה מלאה בפרט זה; אין להסיק שמימוש בסיסי משלים אותו.
V2.0-L827,docs/enterprise-2.0-requirements.md,827,17. מוקד שירות מקצועי,- זיהוי פונה.,NOT STARTED,,,טרם אומתה עמידה מלאה בפרט זה; אין להסיק שמימוש בסיסי משלים אותו.
V2.0-L828,docs/enterprise-2.0-requirements.md,828,17. מוקד שירות מקצועי,- אימות הרשאה לקבלת מידע.,NOT STARTED,,,טרם אומתה עמידה מלאה בפרט זה; אין להסיק שמימוש בסיסי משלים אותו.
V2.0-L829,docs/enterprise-2.0-requirements.md,829,17. מוקד שירות מקצועי,- איתור לקוח.,NOT STARTED,,,טרם אומתה עמידה מלאה בפרט זה; אין להסיק שמימוש בסיסי משלים אותו.
V2.0-L830,docs/enterprise-2.0-requirements.md,830,17. מוקד שירות מקצועי,- פתיחת פנייה.,NOT STARTED,,,טרם אומתה עמידה מלאה בפרט זה; אין להסיק שמימוש בסיסי משלים אותו.
V2.0-L831,docs/enterprise-2.0-requirements.md,831,17. מוקד שירות מקצועי,- שיוך לפוליסה.,NOT STARTED,,,טרם אומתה עמידה מלאה בפרט זה; אין להסיק שמימוש בסיסי משלים אותו.
V2.0-L832,docs/enterprise-2.0-requirements.md,832,17. מוקד שירות מקצועי,- סיווג נושא.,NOT STARTED,,,טרם אומתה עמידה מלאה בפרט זה; אין להסיק שמימוש בסיסי משלים אותו.
V2.0-L833,docs/enterprise-2.0-requirements.md,833,17. מוקד שירות מקצועי,- תיעוד שיחה.,NOT STARTED,,,טרם אומתה עמידה מלאה בפרט זה; אין להסיק שמימוש בסיסי משלים אותו.
V2.0-L834,docs/enterprise-2.0-requirements.md,834,17. מוקד שירות מקצועי,- בקשת מסמכים.,NOT STARTED,,,טרם אומתה עמידה מלאה בפרט זה; אין להסיק שמימוש בסיסי משלים אותו.
V2.0-L835,docs/enterprise-2.0-requirements.md,835,17. מוקד שירות מקצועי,- העברה למחלקה.,NOT STARTED,,,טרם אומתה עמידה מלאה בפרט זה; אין להסיק שמימוש בסיסי משלים אותו.
V2.0-L836,docs/enterprise-2.0-requirements.md,836,17. מוקד שירות מקצועי,- יצירת משימה.,NOT STARTED,,,טרם אומתה עמידה מלאה בפרט זה; אין להסיק שמימוש בסיסי משלים אותו.
V2.0-L837,docs/enterprise-2.0-requirements.md,837,17. מוקד שירות מקצועי,- תזכורת.,NOT STARTED,,,טרם אומתה עמידה מלאה בפרט זה; אין להסיק שמימוש בסיסי משלים אותו.
V2.0-L838,docs/enterprise-2.0-requirements.md,838,17. מוקד שירות מקצועי,- הסלמה למנהל.,NOT STARTED,,,טרם אומתה עמידה מלאה בפרט זה; אין להסיק שמימוש בסיסי משלים אותו.
V2.0-L839,docs/enterprise-2.0-requirements.md,839,17. מוקד שירות מקצועי,- סגירת פנייה.,NOT STARTED,,,טרם אומתה עמידה מלאה בפרט זה; אין להסיק שמימוש בסיסי משלים אותו.
V2.0-L840,docs/enterprise-2.0-requirements.md,840,17. מוקד שירות מקצועי,- פתיחה מחדש.,NOT STARTED,,,טרם אומתה עמידה מלאה בפרט זה; אין להסיק שמימוש בסיסי משלים אותו.
V2.0-L842,docs/enterprise-2.0-requirements.md,842,17. מוקד שירות מקצועי,"יש להוסיף תורים, SLA ניתן להגדרה, סטטוסים והיסטוריית טיפול.",NOT STARTED,,,טרם אומתה עמידה מלאה בפרט זה; אין להסיק שמימוש בסיסי משלים אותו.
V2.0-L850,docs/enterprise-2.0-requirements.md,850,18. ניהול עובדים,יש לפתח ממשק מלא:,NOT STARTED,,,טרם אומתה עמידה מלאה בפרט זה; אין להסיק שמימוש בסיסי משלים אותו.
V2.0-L852,docs/enterprise-2.0-requirements.md,852,18. ניהול עובדים,- יצירת עובד.,NOT STARTED,,,טרם אומתה עמידה מלאה בפרט זה; אין להסיק שמימוש בסיסי משלים אותו.
V2.0-L853,docs/enterprise-2.0-requirements.md,853,18. ניהול עובדים,- השבתת עובד.,NOT STARTED,,,טרם אומתה עמידה מלאה בפרט זה; אין להסיק שמימוש בסיסי משלים אותו.
V2.0-L854,docs/enterprise-2.0-requirements.md,854,18. ניהול עובדים,- שיוך תפקיד.,NOT STARTED,,,טרם אומתה עמידה מלאה בפרט זה; אין להסיק שמימוש בסיסי משלים אותו.
V2.0-L855,docs/enterprise-2.0-requirements.md,855,18. ניהול עובדים,- שינוי הרשאות.,NOT STARTED,,,טרם אומתה עמידה מלאה בפרט זה; אין להסיק שמימוש בסיסי משלים אותו.
V2.0-L856,docs/enterprise-2.0-requirements.md,856,18. ניהול עובדים,- שיוך מחלקה.,NOT STARTED,,,טרם אומתה עמידה מלאה בפרט זה; אין להסיק שמימוש בסיסי משלים אותו.
V2.0-L857,docs/enterprise-2.0-requirements.md,857,18. ניהול עובדים,- שיוך צוות.,NOT STARTED,,,טרם אומתה עמידה מלאה בפרט זה; אין להסיק שמימוש בסיסי משלים אותו.
V2.0-L858,docs/enterprise-2.0-requirements.md,858,18. ניהול עובדים,- הגדרת מנהל.,NOT STARTED,,,טרם אומתה עמידה מלאה בפרט זה; אין להסיק שמימוש בסיסי משלים אותו.
V2.0-L859,docs/enterprise-2.0-requirements.md,859,18. ניהול עובדים,- תורי עבודה.,NOT STARTED,,,טרם אומתה עמידה מלאה בפרט זה; אין להסיק שמימוש בסיסי משלים אותו.
V2.0-L860,docs/enterprise-2.0-requirements.md,860,18. ניהול עובדים,- הגבלות אישור.,NOT STARTED,,,טרם אומתה עמידה מלאה בפרט זה; אין להסיק שמימוש בסיסי משלים אותו.
V2.0-L861,docs/enterprise-2.0-requirements.md,861,18. ניהול עובדים,- היסטוריית פעולות.,NOT STARTED,,,טרם אומתה עמידה מלאה בפרט זה; אין להסיק שמימוש בסיסי משלים אותו.
V2.0-L862,docs/enterprise-2.0-requirements.md,862,18. ניהול עובדים,- בקרת גישה.,NOT STARTED,,,טרם אומתה עמידה מלאה בפרט זה; אין להסיק שמימוש בסיסי משלים אותו.
V2.0-L866,docs/enterprise-2.0-requirements.md,866,19. מנגנון אישורים,יש להגדיר כללי אישור כגון:,NOT STARTED,,,טרם אומתה עמידה מלאה בפרט זה; אין להסיק שמימוש בסיסי משלים אותו.
V2.0-L868,docs/enterprise-2.0-requirements.md,868,19. מנגנון אישורים,- תביעה מעל סכום מסוים.,NOT STARTED,,,טרם אומתה עמידה מלאה בפרט זה; אין להסיק שמימוש בסיסי משלים אותו.
V2.0-L869,docs/enterprise-2.0-requirements.md,869,19. מנגנון אישורים,- חריגה מתקרת כיסוי.,NOT STARTED,,,טרם אומתה עמידה מלאה בפרט זה; אין להסיק שמימוש בסיסי משלים אותו.
V2.0-L870,docs/enterprise-2.0-requirements.md,870,19. מנגנון אישורים,- שינוי רטרואקטיבי.,NOT STARTED,,,טרם אומתה עמידה מלאה בפרט זה; אין להסיק שמימוש בסיסי משלים אותו.
V2.0-L871,docs/enterprise-2.0-requirements.md,871,19. מנגנון אישורים,- זיכוי חריג.,NOT STARTED,,,טרם אומתה עמידה מלאה בפרט זה; אין להסיק שמימוש בסיסי משלים אותו.
V2.0-L872,docs/enterprise-2.0-requirements.md,872,19. מנגנון אישורים,- ביטול מורכב.,NOT STARTED,,,טרם אומתה עמידה מלאה בפרט זה; אין להסיק שמימוש בסיסי משלים אותו.
V2.0-L873,docs/enterprise-2.0-requirements.md,873,19. מנגנון אישורים,- החרגה רפואית.,NOT STARTED,,,טרם אומתה עמידה מלאה בפרט זה; אין להסיק שמימוש בסיסי משלים אותו.
V2.0-L874,docs/enterprise-2.0-requirements.md,874,19. מנגנון אישורים,- החלטת חיתום מיוחדת.,NOT STARTED,,,טרם אומתה עמידה מלאה בפרט זה; אין להסיק שמימוש בסיסי משלים אותו.
V2.0-L888,docs/enterprise-2.0-requirements.md,888,20. מנוע פעולות עסקיות,יש ליצור מנוע Business Actions שבו כל פעולה כוללת:,NOT STARTED,,,טרם אומתה עמידה מלאה בפרט זה; אין להסיק שמימוש בסיסי משלים אותו.
V2.0-L890,docs/enterprise-2.0-requirements.md,890,20. מנוע פעולות עסקיות,- מזהה.,NOT STARTED,,,טרם אומתה עמידה מלאה בפרט זה; אין להסיק שמימוש בסיסי משלים אותו.
V2.0-L891,docs/enterprise-2.0-requirements.md,891,20. מנוע פעולות עסקיות,- שם בעברית.,NOT STARTED,,,טרם אומתה עמידה מלאה בפרט זה; אין להסיק שמימוש בסיסי משלים אותו.
V2.0-L892,docs/enterprise-2.0-requirements.md,892,20. מנוע פעולות עסקיות,- מודול.,NOT STARTED,,,טרם אומתה עמידה מלאה בפרט זה; אין להסיק שמימוש בסיסי משלים אותו.
V2.0-L893,docs/enterprise-2.0-requirements.md,893,20. מנוע פעולות עסקיות,- הרשאה.,NOT STARTED,,,טרם אומתה עמידה מלאה בפרט זה; אין להסיק שמימוש בסיסי משלים אותו.
V2.0-L894,docs/enterprise-2.0-requirements.md,894,20. מנוע פעולות עסקיות,- תנאים מקדימים.,NOT STARTED,,,טרם אומתה עמידה מלאה בפרט זה; אין להסיק שמימוש בסיסי משלים אותו.
V2.0-L895,docs/enterprise-2.0-requirements.md,895,20. מנוע פעולות עסקיות,- טופס.,NOT STARTED,,,טרם אומתה עמידה מלאה בפרט זה; אין להסיק שמימוש בסיסי משלים אותו.
V2.0-L896,docs/enterprise-2.0-requirements.md,896,20. מנוע פעולות עסקיות,- כללי אימות.,NOT STARTED,,,טרם אומתה עמידה מלאה בפרט זה; אין להסיק שמימוש בסיסי משלים אותו.
V2.0-L897,docs/enterprise-2.0-requirements.md,897,20. מנוע פעולות עסקיות,- שירות Backend.,NOT STARTED,,,טרם אומתה עמידה מלאה בפרט זה; אין להסיק שמימוש בסיסי משלים אותו.
V2.0-L898,docs/enterprise-2.0-requirements.md,898,20. מנוע פעולות עסקיות,- טרנזקציה.,NOT STARTED,,,טרם אומתה עמידה מלאה בפרט זה; אין להסיק שמימוש בסיסי משלים אותו.
V2.0-L899,docs/enterprise-2.0-requirements.md,899,20. מנוע פעולות עסקיות,- השפעה על נתונים.,NOT STARTED,,,טרם אומתה עמידה מלאה בפרט זה; אין להסיק שמימוש בסיסי משלים אותו.
V2.0-L900,docs/enterprise-2.0-requirements.md,900,20. מנוע פעולות עסקיות,- מסמכים.,NOT STARTED,,,טרם אומתה עמידה מלאה בפרט זה; אין להסיק שמימוש בסיסי משלים אותו.
V2.0-L901,docs/enterprise-2.0-requirements.md,901,20. מנוע פעולות עסקיות,- תוצאה.,NOT STARTED,,,טרם אומתה עמידה מלאה בפרט זה; אין להסיק שמימוש בסיסי משלים אותו.
V2.0-L902,docs/enterprise-2.0-requirements.md,902,20. מנוע פעולות עסקיות,- ביקורת.,NOT STARTED,,,טרם אומתה עמידה מלאה בפרט זה; אין להסיק שמימוש בסיסי משלים אותו.
V2.0-L903,docs/enterprise-2.0-requirements.md,903,20. מנוע פעולות עסקיות,- בדיקות.,NOT STARTED,,,טרם אומתה עמידה מלאה בפרט זה; אין להסיק שמימוש בסיסי משלים אותו.
V2.0-L907,docs/enterprise-2.0-requirements.md,907,20. מנוע פעולות עסקיות,- פתיחת בקשת הצטרפות.,NOT STARTED,,,טרם אומתה עמידה מלאה בפרט זה; אין להסיק שמימוש בסיסי משלים אותו.
V2.0-L908,docs/enterprise-2.0-requirements.md,908,20. מנוע פעולות עסקיות,- השלמת הצהרת בריאות.,NOT STARTED,,,טרם אומתה עמידה מלאה בפרט זה; אין להסיק שמימוש בסיסי משלים אותו.
V2.0-L909,docs/enterprise-2.0-requirements.md,909,20. מנוע פעולות עסקיות,- בקשת מסמך רפואי.,NOT STARTED,,,טרם אומתה עמידה מלאה בפרט זה; אין להסיק שמימוש בסיסי משלים אותו.
V2.0-L910,docs/enterprise-2.0-requirements.md,910,20. מנוע פעולות עסקיות,- אישור חיתום.,NOT STARTED,,,טרם אומתה עמידה מלאה בפרט זה; אין להסיק שמימוש בסיסי משלים אותו.
V2.0-L911,docs/enterprise-2.0-requirements.md,911,20. מנוע פעולות עסקיות,- הוספת החרגה.,NOT STARTED,,,טרם אומתה עמידה מלאה בפרט זה; אין להסיק שמימוש בסיסי משלים אותו.
V2.0-L912,docs/enterprise-2.0-requirements.md,912,20. מנוע פעולות עסקיות,- הפקת הצעה.,NOT STARTED,,,טרם אומתה עמידה מלאה בפרט זה; אין להסיק שמימוש בסיסי משלים אותו.
V2.0-L913,docs/enterprise-2.0-requirements.md,913,20. מנוע פעולות עסקיות,- הפעלת פוליסה.,NOT STARTED,,,טרם אומתה עמידה מלאה בפרט זה; אין להסיק שמימוש בסיסי משלים אותו.
V2.0-L914,docs/enterprise-2.0-requirements.md,914,20. מנוע פעולות עסקיות,- שינוי מסלול.,NOT STARTED,,,טרם אומתה עמידה מלאה בפרט זה; אין להסיק שמימוש בסיסי משלים אותו.
V2.0-L915,docs/enterprise-2.0-requirements.md,915,20. מנוע פעולות עסקיות,- חישוב הפרש פרמיה.,NOT STARTED,,,טרם אומתה עמידה מלאה בפרט זה; אין להסיק שמימוש בסיסי משלים אותו.
V2.0-L916,docs/enterprise-2.0-requirements.md,916,20. מנוע פעולות עסקיות,- פתיחת תביעה.,NOT STARTED,,,טרם אומתה עמידה מלאה בפרט זה; אין להסיק שמימוש בסיסי משלים אותו.
V2.0-L917,docs/enterprise-2.0-requirements.md,917,20. מנוע פעולות עסקיות,- בדיקת כיסוי.,NOT STARTED,,,טרם אומתה עמידה מלאה בפרט זה; אין להסיק שמימוש בסיסי משלים אותו.
V2.0-L918,docs/enterprise-2.0-requirements.md,918,20. מנוע פעולות עסקיות,- בקשת התחייבות.,NOT STARTED,,,טרם אומתה עמידה מלאה בפרט זה; אין להסיק שמימוש בסיסי משלים אותו.
V2.0-L919,docs/enterprise-2.0-requirements.md,919,20. מנוע פעולות עסקיות,- אישור תביעה.,NOT STARTED,,,טרם אומתה עמידה מלאה בפרט זה; אין להסיק שמימוש בסיסי משלים אותו.
V2.0-L920,docs/enterprise-2.0-requirements.md,920,20. מנוע פעולות עסקיות,- הפקת הוראת תשלום.,NOT STARTED,,,טרם אומתה עמידה מלאה בפרט זה; אין להסיק שמימוש בסיסי משלים אותו.
V2.0-L921,docs/enterprise-2.0-requirements.md,921,20. מנוע פעולות עסקיות,- הפקת זיכוי.,NOT STARTED,,,טרם אומתה עמידה מלאה בפרט זה; אין להסיק שמימוש בסיסי משלים אותו.
V2.0-L922,docs/enterprise-2.0-requirements.md,922,20. מנוע פעולות עסקיות,- ביטול פוליסה.,NOT STARTED,,,טרם אומתה עמידה מלאה בפרט זה; אין להסיק שמימוש בסיסי משלים אותו.
V2.0-L923,docs/enterprise-2.0-requirements.md,923,20. מנוע פעולות עסקיות,- חידוש פוליסה.,NOT STARTED,,,טרם אומתה עמידה מלאה בפרט זה; אין להסיק שמימוש בסיסי משלים אותו.
V2.0-L924,docs/enterprise-2.0-requirements.md,924,20. מנוע פעולות עסקיות,- הפקת מסמך.,NOT STARTED,,,טרם אומתה עמידה מלאה בפרט זה; אין להסיק שמימוש בסיסי משלים אותו.
V2.0-L925,docs/enterprise-2.0-requirements.md,925,20. מנוע פעולות עסקיות,- חתימה מדומה.,IN PROGRESS,apps/api/src/documents.ts; apps/api/src/signing.ts; apps/web/src/components/enrollment-workspace.tsx,tests/enrollment-api.test.ts; tests/e2e/enrollment.spec.ts,מימוש פעיל; בדיקת דפדפן עדכנית בתהליך. הרחבות מסמכים נוספות נשארו פתוחות.
V2.0-L927,docs/enterprise-2.0-requirements.md,927,20. מנוע פעולות עסקיות,"יש לממש תחילה את הפעולות המרכזיות במלואן, ולאחר מכן להרחיב את הקטלוג.",NOT STARTED,,,טרם אומתה עמידה מלאה בפרט זה; אין להסיק שמימוש בסיסי משלים אותו.
V2.0-L939,docs/enterprise-2.0-requirements.md,939,21. עיצוב מחדש,יש ליצור:,NOT STARTED,,,טרם אומתה עמידה מלאה בפרט זה; אין להסיק שמימוש בסיסי משלים אותו.
V2.0-L941,docs/enterprise-2.0-requirements.md,941,21. עיצוב מחדש,- ניווט צדדי מקצועי.,NOT STARTED,,,טרם אומתה עמידה מלאה בפרט זה; אין להסיק שמימוש בסיסי משלים אותו.
V2.0-L942,docs/enterprise-2.0-requirements.md,942,21. עיצוב מחדש,- תפריטים היררכיים.,NOT STARTED,,,טרם אומתה עמידה מלאה בפרט זה; אין להסיק שמימוש בסיסי משלים אותו.
V2.0-L943,docs/enterprise-2.0-requirements.md,943,21. עיצוב מחדש,- טאבים פנימיים.,NOT STARTED,,,טרם אומתה עמידה מלאה בפרט זה; אין להסיק שמימוש בסיסי משלים אותו.
V2.0-L944,docs/enterprise-2.0-requirements.md,944,21. עיצוב מחדש,- טפסים מורכבים.,NOT STARTED,,,טרם אומתה עמידה מלאה בפרט זה; אין להסיק שמימוש בסיסי משלים אותו.
V2.0-L945,docs/enterprise-2.0-requirements.md,945,21. עיצוב מחדש,- אשפי עבודה.,NOT STARTED,,,טרם אומתה עמידה מלאה בפרט זה; אין להסיק שמימוש בסיסי משלים אותו.
V2.0-L946,docs/enterprise-2.0-requirements.md,946,21. עיצוב מחדש,- טבלאות נתונים.,NOT STARTED,,,טרם אומתה עמידה מלאה בפרט זה; אין להסיק שמימוש בסיסי משלים אותו.
V2.0-L947,docs/enterprise-2.0-requirements.md,947,21. עיצוב מחדש,- סרגלי פעולות.,NOT STARTED,,,טרם אומתה עמידה מלאה בפרט זה; אין להסיק שמימוש בסיסי משלים אותו.
V2.0-L948,docs/enterprise-2.0-requirements.md,948,21. עיצוב מחדש,- חלוניות אישור.,NOT STARTED,,,טרם אומתה עמידה מלאה בפרט זה; אין להסיק שמימוש בסיסי משלים אותו.
V2.0-L949,docs/enterprise-2.0-requirements.md,949,21. עיצוב מחדש,- תצוגות מסמכים.,NOT STARTED,,,טרם אומתה עמידה מלאה בפרט זה; אין להסיק שמימוש בסיסי משלים אותו.
V2.0-L950,docs/enterprise-2.0-requirements.md,950,21. עיצוב מחדש,- תורי עבודה.,NOT STARTED,,,טרם אומתה עמידה מלאה בפרט זה; אין להסיק שמימוש בסיסי משלים אותו.
V2.0-L951,docs/enterprise-2.0-requirements.md,951,21. עיצוב מחדש,- התראות.,NOT STARTED,,,טרם אומתה עמידה מלאה בפרט זה; אין להסיק שמימוש בסיסי משלים אותו.
V2.0-L952,docs/enterprise-2.0-requirements.md,952,21. עיצוב מחדש,- לוחות בקרה.,NOT STARTED,,,טרם אומתה עמידה מלאה בפרט זה; אין להסיק שמימוש בסיסי משלים אותו.
V2.0-L953,docs/enterprise-2.0-requirements.md,953,21. עיצוב מחדש,- מסכי השוואה.,NOT STARTED,,,טרם אומתה עמידה מלאה בפרט זה; אין להסיק שמימוש בסיסי משלים אותו.
V2.0-L954,docs/enterprise-2.0-requirements.md,954,21. עיצוב מחדש,- תצוגת היסטוריה.,NOT STARTED,,,טרם אומתה עמידה מלאה בפרט זה; אין להסיק שמימוש בסיסי משלים אותו.
V2.0-L955,docs/enterprise-2.0-requirements.md,955,21. עיצוב מחדש,- מרכז חיפוש.,NOT STARTED,,,טרם אומתה עמידה מלאה בפרט זה; אין להסיק שמימוש בסיסי משלים אותו.
V2.0-L957,docs/enterprise-2.0-requirements.md,957,21. עיצוב מחדש,"יש להקפיד על ריווח, היררכיית מידע, טיפוגרפיה, נגישות, התאמה למסכים שונים ו-RTL.",NOT STARTED,,,טרם אומתה עמידה מלאה בפרט זה; אין להסיק שמימוש בסיסי משלים אותו.
V2.0-L959,docs/enterprise-2.0-requirements.md,959,21. עיצוב מחדש,אין להשתמש בממשק דמוי דמו עם כרטיסיות צבעוניות ענקיות כתחליף למסכי עבודה אמיתיים.,NOT STARTED,,,טרם אומתה עמידה מלאה בפרט זה; אין להסיק שמימוש בסיסי משלים אותו.
V2.0-L965,docs/enterprise-2.0-requirements.md,965,22. תיק לקוח כמערכת עבודה,אין צורך לעבור בין עשרות מסכים מנותקים.,NOT STARTED,,,טרם אומתה עמידה מלאה בפרט זה; אין להסיק שמימוש בסיסי משלים אותו.
V2.0-L967,docs/enterprise-2.0-requirements.md,967,22. תיק לקוח כמערכת עבודה,"יש להציג פעולות בהתאם למצב הלקוח, הפוליסה וההרשאות.",NOT STARTED,,,טרם אומתה עמידה מלאה בפרט זה; אין להסיק שמימוש בסיסי משלים אותו.
V2.0-L973,docs/enterprise-2.0-requirements.md,973,22. תיק לקוח כמערכת עבודה,- מצב הביטוח.,NOT STARTED,,,טרם אומתה עמידה מלאה בפרט זה; אין להסיק שמימוש בסיסי משלים אותו.
V2.0-L974,docs/enterprise-2.0-requirements.md,974,22. תיק לקוח כמערכת עבודה,- בעל החיים.,NOT STARTED,,,טרם אומתה עמידה מלאה בפרט זה; אין להסיק שמימוש בסיסי משלים אותו.
V2.0-L975,docs/enterprise-2.0-requirements.md,975,22. תיק לקוח כמערכת עבודה,- המסלול.,NOT STARTED,,,טרם אומתה עמידה מלאה בפרט זה; אין להסיק שמימוש בסיסי משלים אותו.
V2.0-L976,docs/enterprise-2.0-requirements.md,976,22. תיק לקוח כמערכת עבודה,- הפרמיה.,NOT STARTED,,,טרם אומתה עמידה מלאה בפרט זה; אין להסיק שמימוש בסיסי משלים אותו.
V2.0-L977,docs/enterprise-2.0-requirements.md,977,22. תיק לקוח כמערכת עבודה,- יתרת הכיסוי.,NOT STARTED,,,טרם אומתה עמידה מלאה בפרט זה; אין להסיק שמימוש בסיסי משלים אותו.
V2.0-L978,docs/enterprise-2.0-requirements.md,978,22. תיק לקוח כמערכת עבודה,- תביעות.,NOT STARTED,,,טרם אומתה עמידה מלאה בפרט זה; אין להסיק שמימוש בסיסי משלים אותו.
V2.0-L979,docs/enterprise-2.0-requirements.md,979,22. תיק לקוח כמערכת עבודה,- חיובים.,NOT STARTED,,,טרם אומתה עמידה מלאה בפרט זה; אין להסיק שמימוש בסיסי משלים אותו.
V2.0-L980,docs/enterprise-2.0-requirements.md,980,22. תיק לקוח כמערכת עבודה,- מסמכים.,NOT STARTED,,,טרם אומתה עמידה מלאה בפרט זה; אין להסיק שמימוש בסיסי משלים אותו.
V2.0-L981,docs/enterprise-2.0-requirements.md,981,22. תיק לקוח כמערכת עבודה,- פניות.,NOT STARTED,,,טרם אומתה עמידה מלאה בפרט זה; אין להסיק שמימוש בסיסי משלים אותו.
V2.0-L982,docs/enterprise-2.0-requirements.md,982,22. תיק לקוח כמערכת עבודה,- פעולות זמינות.,NOT STARTED,,,טרם אומתה עמידה מלאה בפרט זה; אין להסיק שמימוש בסיסי משלים אותו.
V2.0-L992,docs/enterprise-2.0-requirements.md,992,23. הרחבת בסיס הנתונים,יש לתכנן ולהוסיף ישויות עבור:,NOT STARTED,,,טרם אומתה עמידה מלאה בפרט זה; אין להסיק שמימוש בסיסי משלים אותו.
V2.0-L994,docs/enterprise-2.0-requirements.md,994,23. הרחבת בסיס הנתונים,- Applications,NOT STARTED,,,טרם אומתה עמידה מלאה בפרט זה; אין להסיק שמימוש בסיסי משלים אותו.
V2.0-L995,docs/enterprise-2.0-requirements.md,995,23. הרחבת בסיס הנתונים,- ApplicationSteps,NOT STARTED,,,טרם אומתה עמידה מלאה בפרט זה; אין להסיק שמימוש בסיסי משלים אותו.
V2.0-L996,docs/enterprise-2.0-requirements.md,996,23. הרחבת בסיס הנתונים,- ApplicationAnswers,NOT STARTED,,,טרם אומתה עמידה מלאה בפרט זה; אין להסיק שמימוש בסיסי משלים אותו.
V2.0-L997,docs/enterprise-2.0-requirements.md,997,23. הרחבת בסיס הנתונים,- Questionnaires,NOT STARTED,,,טרם אומתה עמידה מלאה בפרט זה; אין להסיק שמימוש בסיסי משלים אותו.
V2.0-L998,docs/enterprise-2.0-requirements.md,998,23. הרחבת בסיס הנתונים,- QuestionnaireVersions,NOT STARTED,,,טרם אומתה עמידה מלאה בפרט זה; אין להסיק שמימוש בסיסי משלים אותו.
V2.0-L999,docs/enterprise-2.0-requirements.md,999,23. הרחבת בסיס הנתונים,- Questions,NOT STARTED,,,טרם אומתה עמידה מלאה בפרט זה; אין להסיק שמימוש בסיסי משלים אותו.
V2.0-L1000,docs/enterprise-2.0-requirements.md,1000,23. הרחבת בסיס הנתונים,- ConditionalQuestions,NOT STARTED,,,טרם אומתה עמידה מלאה בפרט זה; אין להסיק שמימוש בסיסי משלים אותו.
V2.0-L1001,docs/enterprise-2.0-requirements.md,1001,23. הרחבת בסיס הנתונים,- MedicalDeclarations,NOT STARTED,,,טרם אומתה עמידה מלאה בפרט זה; אין להסיק שמימוש בסיסי משלים אותו.
V2.0-L1002,docs/enterprise-2.0-requirements.md,1002,23. הרחבת בסיס הנתונים,- MedicalConditions,NOT STARTED,,,טרם אומתה עמידה מלאה בפרט זה; אין להסיק שמימוש בסיסי משלים אותו.
V2.0-L1003,docs/enterprise-2.0-requirements.md,1003,23. הרחבת בסיס הנתונים,- MedicalTreatments,NOT STARTED,,,טרם אומתה עמידה מלאה בפרט זה; אין להסיק שמימוש בסיסי משלים אותו.
V2.0-L1004,docs/enterprise-2.0-requirements.md,1004,23. הרחבת בסיס הנתונים,- VeterinaryVisits,NOT STARTED,,,טרם אומתה עמידה מלאה בפרט זה; אין להסיק שמימוש בסיסי משלים אותו.
V2.0-L1005,docs/enterprise-2.0-requirements.md,1005,23. הרחבת בסיס הנתונים,- Vaccinations,NOT STARTED,,,טרם אומתה עמידה מלאה בפרט זה; אין להסיק שמימוש בסיסי משלים אותו.
V2.0-L1006,docs/enterprise-2.0-requirements.md,1006,23. הרחבת בסיס הנתונים,- UnderwritingCases,NOT STARTED,,,טרם אומתה עמידה מלאה בפרט זה; אין להסיק שמימוש בסיסי משלים אותו.
V2.0-L1007,docs/enterprise-2.0-requirements.md,1007,23. הרחבת בסיס הנתונים,- UnderwritingDecisions,NOT STARTED,,,טרם אומתה עמידה מלאה בפרט זה; אין להסיק שמימוש בסיסי משלים אותו.
V2.0-L1008,docs/enterprise-2.0-requirements.md,1008,23. הרחבת בסיס הנתונים,- UnderwritingExclusions,NOT STARTED,,,טרם אומתה עמידה מלאה בפרט זה; אין להסיק שמימוש בסיסי משלים אותו.
V2.0-L1009,docs/enterprise-2.0-requirements.md,1009,23. הרחבת בסיס הנתונים,- Quotes,NOT STARTED,,,טרם אומתה עמידה מלאה בפרט זה; אין להסיק שמימוש בסיסי משלים אותו.
V2.0-L1010,docs/enterprise-2.0-requirements.md,1010,23. הרחבת בסיס הנתונים,- QuoteVersions,NOT STARTED,,,טרם אומתה עמידה מלאה בפרט זה; אין להסיק שמימוש בסיסי משלים אותו.
V2.0-L1011,docs/enterprise-2.0-requirements.md,1011,23. הרחבת בסיס הנתונים,- ProductRiders,NOT STARTED,,,טרם אומתה עמידה מלאה בפרט זה; אין להסיק שמימוש בסיסי משלים אותו.
V2.0-L1012,docs/enterprise-2.0-requirements.md,1012,23. הרחבת בסיס הנתונים,- CoverageRules,NOT STARTED,,,טרם אומתה עמידה מלאה בפרט זה; אין להסיק שמימוש בסיסי משלים אותו.
V2.0-L1013,docs/enterprise-2.0-requirements.md,1013,23. הרחבת בסיס הנתונים,- PolicyEndorsements,NOT STARTED,,,טרם אומתה עמידה מלאה בפרט זה; אין להסיק שמימוש בסיסי משלים אותו.
V2.0-L1014,docs/enterprise-2.0-requirements.md,1014,23. הרחבת בסיס הנתונים,- ClaimEvents,NOT STARTED,,,טרם אומתה עמידה מלאה בפרט זה; אין להסיק שמימוש בסיסי משלים אותו.
V2.0-L1015,docs/enterprise-2.0-requirements.md,1015,23. הרחבת בסיס הנתונים,- ClaimDiagnoses,NOT STARTED,,,טרם אומתה עמידה מלאה בפרט זה; אין להסיק שמימוש בסיסי משלים אותו.
V2.0-L1016,docs/enterprise-2.0-requirements.md,1016,23. הרחבת בסיס הנתונים,- ClaimTreatments,NOT STARTED,,,טרם אומתה עמידה מלאה בפרט זה; אין להסיק שמימוש בסיסי משלים אותו.
V2.0-L1017,docs/enterprise-2.0-requirements.md,1017,23. הרחבת בסיס הנתונים,- ClaimDocuments,NOT STARTED,,,טרם אומתה עמידה מלאה בפרט זה; אין להסיק שמימוש בסיסי משלים אותו.
V2.0-L1018,docs/enterprise-2.0-requirements.md,1018,23. הרחבת בסיס הנתונים,- CoverageEvaluations,NOT STARTED,,,טרם אומתה עמידה מלאה בפרט זה; אין להסיק שמימוש בסיסי משלים אותו.
V2.0-L1019,docs/enterprise-2.0-requirements.md,1019,23. הרחבת בסיס הנתונים,- PriorAuthorizations,NOT STARTED,,,טרם אומתה עמידה מלאה בפרט זה; אין להסיק שמימוש בסיסי משלים אותו.
V2.0-L1020,docs/enterprise-2.0-requirements.md,1020,23. הרחבת בסיס הנתונים,- AuthorizationReservations,NOT STARTED,,,טרם אומתה עמידה מלאה בפרט זה; אין להסיק שמימוש בסיסי משלים אותו.
V2.0-L1021,docs/enterprise-2.0-requirements.md,1021,23. הרחבת בסיס הנתונים,- PaymentSchedules,NOT STARTED,,,טרם אומתה עמידה מלאה בפרט זה; אין להסיק שמימוש בסיסי משלים אותו.
V2.0-L1022,docs/enterprise-2.0-requirements.md,1022,23. הרחבת בסיס הנתונים,- BillingTransactions,NOT STARTED,,,טרם אומתה עמידה מלאה בפרט זה; אין להסיק שמימוש בסיסי משלים אותו.
V2.0-L1023,docs/enterprise-2.0-requirements.md,1023,23. הרחבת בסיס הנתונים,- RefundRequests,NOT STARTED,,,טרם אומתה עמידה מלאה בפרט זה; אין להסיק שמימוש בסיסי משלים אותו.
V2.0-L1024,docs/enterprise-2.0-requirements.md,1024,23. הרחבת בסיס הנתונים,- DocumentTemplates,NOT STARTED,,,טרם אומתה עמידה מלאה בפרט זה; אין להסיק שמימוש בסיסי משלים אותו.
V2.0-L1025,docs/enterprise-2.0-requirements.md,1025,23. הרחבת בסיס הנתונים,- DocumentVersions,NOT STARTED,,,טרם אומתה עמידה מלאה בפרט זה; אין להסיק שמימוש בסיסי משלים אותו.
V2.0-L1026,docs/enterprise-2.0-requirements.md,1026,23. הרחבת בסיס הנתונים,- SignatureEvents,NOT STARTED,,,טרם אומתה עמידה מלאה בפרט זה; אין להסיק שמימוש בסיסי משלים אותו.
V2.0-L1027,docs/enterprise-2.0-requirements.md,1027,23. הרחבת בסיס הנתונים,- WorkflowInstances,NOT STARTED,,,טרם אומתה עמידה מלאה בפרט זה; אין להסיק שמימוש בסיסי משלים אותו.
V2.0-L1028,docs/enterprise-2.0-requirements.md,1028,23. הרחבת בסיס הנתונים,- WorkflowSteps,NOT STARTED,,,טרם אומתה עמידה מלאה בפרט זה; אין להסיק שמימוש בסיסי משלים אותו.
V2.0-L1029,docs/enterprise-2.0-requirements.md,1029,23. הרחבת בסיס הנתונים,- WorkflowTasks,NOT STARTED,,,טרם אומתה עמידה מלאה בפרט זה; אין להסיק שמימוש בסיסי משלים אותו.
V2.0-L1030,docs/enterprise-2.0-requirements.md,1030,23. הרחבת בסיס הנתונים,- ApprovalRequests,NOT STARTED,,,טרם אומתה עמידה מלאה בפרט זה; אין להסיק שמימוש בסיסי משלים אותו.
V2.0-L1031,docs/enterprise-2.0-requirements.md,1031,23. הרחבת בסיס הנתונים,- AuditEvents,NOT STARTED,,,טרם אומתה עמידה מלאה בפרט זה; אין להסיק שמימוש בסיסי משלים אותו.
V2.0-L1032,docs/enterprise-2.0-requirements.md,1032,23. הרחבת בסיס הנתונים,- VeterinaryClinics,NOT STARTED,,,טרם אומתה עמידה מלאה בפרט זה; אין להסיק שמימוש בסיסי משלים אותו.
V2.0-L1033,docs/enterprise-2.0-requirements.md,1033,23. הרחבת בסיס הנתונים,- VeterinaryUsers,NOT STARTED,,,טרם אומתה עמידה מלאה בפרט זה; אין להסיק שמימוש בסיסי משלים אותו.
V2.0-L1034,docs/enterprise-2.0-requirements.md,1034,23. הרחבת בסיס הנתונים,- EmployeePermissions,NOT STARTED,,,טרם אומתה עמידה מלאה בפרט זה; אין להסיק שמימוש בסיסי משלים אותו.
V2.0-L1036,docs/enterprise-2.0-requirements.md,1036,23. הרחבת בסיס הנתונים,אל תיצור טבלאות כפולות אם קיימות ישויות מתאימות בפרויקט.,NOT STARTED,,,טרם אומתה עמידה מלאה בפרט זה; אין להסיק שמימוש בסיסי משלים אותו.
V2.0-L1038,docs/enterprise-2.0-requirements.md,1038,23. הרחבת בסיס הנתונים,יש להשתמש במיגרציות בטוחות ולהגן על נתונים קיימים.,NOT STARTED,,,טרם אומתה עמידה מלאה בפרט זה; אין להסיק שמימוש בסיסי משלים אותו.
V2.0-L1042,docs/enterprise-2.0-requirements.md,1042,24. מנוע תהליכים,יש ליצור מנגנון Workflow הכולל:,NOT STARTED,,,טרם אומתה עמידה מלאה בפרט זה; אין להסיק שמימוש בסיסי משלים אותו.
V2.0-L1044,docs/enterprise-2.0-requirements.md,1044,24. מנוע תהליכים,- מצבי תהליך.,NOT STARTED,,,טרם אומתה עמידה מלאה בפרט זה; אין להסיק שמימוש בסיסי משלים אותו.
V2.0-L1045,docs/enterprise-2.0-requirements.md,1045,24. מנוע תהליכים,- מעברים מותרים.,NOT STARTED,,,טרם אומתה עמידה מלאה בפרט זה; אין להסיק שמימוש בסיסי משלים אותו.
V2.0-L1046,docs/enterprise-2.0-requirements.md,1046,24. מנוע תהליכים,- תנאים.,NOT STARTED,,,טרם אומתה עמידה מלאה בפרט זה; אין להסיק שמימוש בסיסי משלים אותו.
V2.0-L1047,docs/enterprise-2.0-requirements.md,1047,24. מנוע תהליכים,- שלבים.,NOT STARTED,,,טרם אומתה עמידה מלאה בפרט זה; אין להסיק שמימוש בסיסי משלים אותו.
V2.0-L1048,docs/enterprise-2.0-requirements.md,1048,24. מנוע תהליכים,- משימות.,NOT STARTED,,,טרם אומתה עמידה מלאה בפרט זה; אין להסיק שמימוש בסיסי משלים אותו.
V2.0-L1049,docs/enterprise-2.0-requirements.md,1049,24. מנוע תהליכים,- אישורים.,NOT STARTED,,,טרם אומתה עמידה מלאה בפרט זה; אין להסיק שמימוש בסיסי משלים אותו.
V2.0-L1050,docs/enterprise-2.0-requirements.md,1050,24. מנוע תהליכים,- תאריכי יעד.,NOT STARTED,,,טרם אומתה עמידה מלאה בפרט זה; אין להסיק שמימוש בסיסי משלים אותו.
V2.0-L1051,docs/enterprise-2.0-requirements.md,1051,24. מנוע תהליכים,- פעולות אוטומטיות.,NOT STARTED,,,טרם אומתה עמידה מלאה בפרט זה; אין להסיק שמימוש בסיסי משלים אותו.
V2.0-L1052,docs/enterprise-2.0-requirements.md,1052,24. מנוע תהליכים,- טיפול בכישלונות.,NOT STARTED,,,טרם אומתה עמידה מלאה בפרט זה; אין להסיק שמימוש בסיסי משלים אותו.
V2.0-L1053,docs/enterprise-2.0-requirements.md,1053,24. מנוע תהליכים,- המשך תהליך לאחר תקלה.,NOT STARTED,,,טרם אומתה עמידה מלאה בפרט זה; אין להסיק שמימוש בסיסי משלים אותו.
V2.0-L1054,docs/enterprise-2.0-requirements.md,1054,24. מנוע תהליכים,- מניעת ביצוע כפול.,NOT STARTED,,,טרם אומתה עמידה מלאה בפרט זה; אין להסיק שמימוש בסיסי משלים אותו.
V2.0-L1055,docs/enterprise-2.0-requirements.md,1055,24. מנוע תהליכים,- תיעוד.,NOT STARTED,,,טרם אומתה עמידה מלאה בפרט זה; אין להסיק שמימוש בסיסי משלים אותו.
V2.0-L1057,docs/enterprise-2.0-requirements.md,1057,24. מנוע תהליכים,"כל מעבר מצב ייאכף בשרת, ולא רק בממשק.",NOT STARTED,,,טרם אומתה עמידה מלאה בפרט זה; אין להסיק שמימוש בסיסי משלים אותו.
V2.0-L1065,docs/enterprise-2.0-requirements.md,1065,25. דרישות איכות,יש להקפיד על:,NOT STARTED,,,טרם אומתה עמידה מלאה בפרט זה; אין להסיק שמימוש בסיסי משלים אותו.
V2.0-L1067,docs/enterprise-2.0-requirements.md,1067,25. דרישות איכות,- TypeScript strict.,NOT STARTED,,,טרם אומתה עמידה מלאה בפרט זה; אין להסיק שמימוש בסיסי משלים אותו.
V2.0-L1068,docs/enterprise-2.0-requirements.md,1068,25. דרישות איכות,- בדיקות יחידה.,NOT STARTED,,,טרם אומתה עמידה מלאה בפרט זה; אין להסיק שמימוש בסיסי משלים אותו.
V2.0-L1069,docs/enterprise-2.0-requirements.md,1069,25. דרישות איכות,- בדיקות API.,NOT STARTED,,,טרם אומתה עמידה מלאה בפרט זה; אין להסיק שמימוש בסיסי משלים אותו.
V2.0-L1070,docs/enterprise-2.0-requirements.md,1070,25. דרישות איכות,- בדיקות E2E.,NOT STARTED,,,טרם אומתה עמידה מלאה בפרט זה; אין להסיק שמימוש בסיסי משלים אותו.
V2.0-L1071,docs/enterprise-2.0-requirements.md,1071,25. דרישות איכות,- בדיקות הרשאות.,NOT STARTED,,,טרם אומתה עמידה מלאה בפרט זה; אין להסיק שמימוש בסיסי משלים אותו.
V2.0-L1072,docs/enterprise-2.0-requirements.md,1072,25. דרישות איכות,- בדיקות מקביליות.,NOT STARTED,,,טרם אומתה עמידה מלאה בפרט זה; אין להסיק שמימוש בסיסי משלים אותו.
V2.0-L1073,docs/enterprise-2.0-requirements.md,1073,25. דרישות איכות,- בדיקות טרנזקציות.,NOT STARTED,,,טרם אומתה עמידה מלאה בפרט זה; אין להסיק שמימוש בסיסי משלים אותו.
V2.0-L1074,docs/enterprise-2.0-requirements.md,1074,25. דרישות איכות,- בדיקות חישובים.,NOT STARTED,,,טרם אומתה עמידה מלאה בפרט זה; אין להסיק שמימוש בסיסי משלים אותו.
V2.0-L1075,docs/enterprise-2.0-requirements.md,1075,25. דרישות איכות,- בדיקות מסמכים.,NOT STARTED,,,טרם אומתה עמידה מלאה בפרט זה; אין להסיק שמימוש בסיסי משלים אותו.
V2.0-L1076,docs/enterprise-2.0-requirements.md,1076,25. דרישות איכות,- בדיקות שמירת טיוטות.,NOT STARTED,,,טרם אומתה עמידה מלאה בפרט זה; אין להסיק שמימוש בסיסי משלים אותו.
V2.0-L1077,docs/enterprise-2.0-requirements.md,1077,25. דרישות איכות,- בדיקות חזרה לתהליך.,NOT STARTED,,,טרם אומתה עמידה מלאה בפרט זה; אין להסיק שמימוש בסיסי משלים אותו.
V2.0-L1078,docs/enterprise-2.0-requirements.md,1078,25. דרישות איכות,- בדיקות שינוי גרסאות.,NOT STARTED,,,טרם אומתה עמידה מלאה בפרט זה; אין להסיק שמימוש בסיסי משלים אותו.
V2.0-L1079,docs/enterprise-2.0-requirements.md,1079,25. דרישות איכות,- בדיקות שדות חובה.,NOT STARTED,,,טרם אומתה עמידה מלאה בפרט זה; אין להסיק שמימוש בסיסי משלים אותו.
V2.0-L1080,docs/enterprise-2.0-requirements.md,1080,25. דרישות איכות,- בדיקות חריגים.,NOT STARTED,,,טרם אומתה עמידה מלאה בפרט זה; אין להסיק שמימוש בסיסי משלים אותו.
V2.0-L1081,docs/enterprise-2.0-requirements.md,1081,25. דרישות איכות,- בדיקות מניעת תשלום כפול.,NOT STARTED,,,טרם אומתה עמידה מלאה בפרט זה; אין להסיק שמימוש בסיסי משלים אותו.
V2.0-L1085,docs/enterprise-2.0-requirements.md,1085,26. אבטחת מידע,יש להוסיף:,NOT STARTED,,,טרם אומתה עמידה מלאה בפרט זה; אין להסיק שמימוש בסיסי משלים אותו.
V2.0-L1087,docs/enterprise-2.0-requirements.md,1087,26. אבטחת מידע,- הרשאות לפי פעולה.,NOT STARTED,,,טרם אומתה עמידה מלאה בפרט זה; אין להסיק שמימוש בסיסי משלים אותו.
V2.0-L1088,docs/enterprise-2.0-requirements.md,1088,26. אבטחת מידע,- בקרת גישה לנתונים.,NOT STARTED,,,טרם אומתה עמידה מלאה בפרט זה; אין להסיק שמימוש בסיסי משלים אותו.
V2.0-L1089,docs/enterprise-2.0-requirements.md,1089,26. אבטחת מידע,- הגנה על מסמכים.,NOT STARTED,,,טרם אומתה עמידה מלאה בפרט זה; אין להסיק שמימוש בסיסי משלים אותו.
V2.0-L1090,docs/enterprise-2.0-requirements.md,1090,26. אבטחת מידע,- אימות בקשות.,NOT STARTED,,,טרם אומתה עמידה מלאה בפרט זה; אין להסיק שמימוש בסיסי משלים אותו.
V2.0-L1091,docs/enterprise-2.0-requirements.md,1091,26. אבטחת מידע,- מניעת חשיפת מידע רפואי.,NOT STARTED,,,טרם אומתה עמידה מלאה בפרט זה; אין להסיק שמימוש בסיסי משלים אותו.
V2.0-L1092,docs/enterprise-2.0-requirements.md,1092,26. אבטחת מידע,- ניהול סודות.,NOT STARTED,,,טרם אומתה עמידה מלאה בפרט זה; אין להסיק שמימוש בסיסי משלים אותו.
V2.0-L1093,docs/enterprise-2.0-requirements.md,1093,26. אבטחת מידע,- יומני ביקורת.,NOT STARTED,,,טרם אומתה עמידה מלאה בפרט זה; אין להסיק שמימוש בסיסי משלים אותו.
V2.0-L1094,docs/enterprise-2.0-requirements.md,1094,26. אבטחת מידע,- הגנות CSRF.,NOT STARTED,,,טרם אומתה עמידה מלאה בפרט זה; אין להסיק שמימוש בסיסי משלים אותו.
V2.0-L1095,docs/enterprise-2.0-requirements.md,1095,26. אבטחת מידע,- הגנות מפני XSS.,NOT STARTED,,,טרם אומתה עמידה מלאה בפרט זה; אין להסיק שמימוש בסיסי משלים אותו.
V2.0-L1096,docs/enterprise-2.0-requirements.md,1096,26. אבטחת מידע,- הגבלת ניסיונות התחברות.,NOT STARTED,,,טרם אומתה עמידה מלאה בפרט זה; אין להסיק שמימוש בסיסי משלים אותו.
V2.0-L1097,docs/enterprise-2.0-requirements.md,1097,26. אבטחת מידע,- בקרת העלאת קבצים.,NOT STARTED,,,טרם אומתה עמידה מלאה בפרט זה; אין להסיק שמימוש בסיסי משלים אותו.
V2.0-L1098,docs/enterprise-2.0-requirements.md,1098,26. אבטחת מידע,- הגבלת גודל וסוג קבצים.,NOT STARTED,,,טרם אומתה עמידה מלאה בפרט זה; אין להסיק שמימוש בסיסי משלים אותו.
V2.0-L1099,docs/enterprise-2.0-requirements.md,1099,26. אבטחת מידע,- מנגנון גיבוי ושחזור לסביבת פיתוח.,NOT STARTED,,,טרם אומתה עמידה מלאה בפרט זה; אין להסיק שמימוש בסיסי משלים אותו.
V2.0-L1101,docs/enterprise-2.0-requirements.md,1101,26. אבטחת מידע,"אין להציג את המערכת כמוכנה לפעילות ביטוח אמיתית ללא ביקורת אבטחה, פרטיות, משפט ורגולציה.",NOT STARTED,,,טרם אומתה עמידה מלאה בפרט זה; אין להסיק שמימוש בסיסי משלים אותו.
V2.0-L1125,docs/enterprise-2.0-requirements.md,1125,שלב B — תשתית Workflow,"ממש מנוע תהליכים, מצבים, טפסים דינמיים, שמירת טיוטות ומנגנון אישורים.",NOT STARTED,,,טרם אומתה עמידה מלאה בפרט זה; אין להסיק שמימוש בסיסי משלים אותו.
V2.0-L1129,docs/enterprise-2.0-requirements.md,1129,שלב C — הצטרפות לביטוח,"ממש את כל אשף ההצטרפות, כולל 18 השלבים, השאלונים הרפואיים, המסמכים, החיתום, ההצהרות והחתימות המדומות.",NOT STARTED,,,טרם אומתה עמידה מלאה בפרט זה; אין להסיק שמימוש בסיסי משלים אותו.
V2.0-L1135,docs/enterprise-2.0-requirements.md,1135,שלב D — תיק פוליסה,"ממש סביבת עבודה מקצועית לפוליסה, כולל שינויים, חידושים, השעיות וביטולים.",NOT STARTED,,,טרם אומתה עמידה מלאה בפרט זה; אין להסיק שמימוש בסיסי משלים אותו.
V2.0-L1139,docs/enterprise-2.0-requirements.md,1139,שלב E — תביעות,"ממש אשף תביעה, תיק תביעה, מנוע כיסוי, החלטות והתחייבויות.",NOT STARTED,,,טרם אומתה עמידה מלאה בפרט זה; אין להסיק שמימוש בסיסי משלים אותו.
V2.0-L1143,docs/enterprise-2.0-requirements.md,1143,שלב F — מסמכים,"ממש תבניות מסמכים, PDF, גרסאות, חתימות מדומות וקישור לרשומות.",NOT STARTED,,,טרם אומתה עמידה מלאה בפרט זה; אין להסיק שמימוש בסיסי משלים אותו.
V2.0-L1151,docs/enterprise-2.0-requirements.md,1151,שלב H — שירות ומנהלה,"ממש מוקד שירות, תורים, משימות, עובדים, הרשאות ובקרות.",NOT STARTED,,,טרם אומתה עמידה מלאה בפרט זה; אין להסיק שמימוש בסיסי משלים אותו.
V2.0-L1155,docs/enterprise-2.0-requirements.md,1155,שלב I — פורטל וטרינרים,ממש ממשק נפרד למרפאות עם הרשאות מוגבלות.,NOT STARTED,,,טרם אומתה עמידה מלאה בפרט זה; אין להסיק שמימוש בסיסי משלים אותו.
V2.0-L1169,docs/enterprise-2.0-requirements.md,1169,28. המערכת חייבת לעבוד בפועל,1. הרץ build.,NOT STARTED,,,טרם אומתה עמידה מלאה בפרט זה; אין להסיק שמימוש בסיסי משלים אותו.
V2.0-L1170,docs/enterprise-2.0-requirements.md,1170,28. המערכת חייבת לעבוד בפועל,2. הרץ בדיקות.,NOT STARTED,,,טרם אומתה עמידה מלאה בפרט זה; אין להסיק שמימוש בסיסי משלים אותו.
V2.0-L1171,docs/enterprise-2.0-requirements.md,1171,28. המערכת חייבת לעבוד בפועל,3. בדוק שהשרת עולה.,NOT STARTED,,,טרם אומתה עמידה מלאה בפרט זה; אין להסיק שמימוש בסיסי משלים אותו.
V2.0-L1172,docs/enterprise-2.0-requirements.md,1172,28. המערכת חייבת לעבוד בפועל,4. בדוק שהממשק עולה.,NOT STARTED,,,טרם אומתה עמידה מלאה בפרט זה; אין להסיק שמימוש בסיסי משלים אותו.
V2.0-L1173,docs/enterprise-2.0-requirements.md,1173,28. המערכת חייבת לעבוד בפועל,5. בדוק שאפשר לבצע תהליך אמיתי.,NOT STARTED,,,טרם אומתה עמידה מלאה בפרט זה; אין להסיק שמימוש בסיסי משלים אותו.
V2.0-L1174,docs/enterprise-2.0-requirements.md,1174,28. המערכת חייבת לעבוד בפועל,6. בדוק שהנתונים נשמרים.,NOT STARTED,,,טרם אומתה עמידה מלאה בפרט זה; אין להסיק שמימוש בסיסי משלים אותו.
V2.0-L1175,docs/enterprise-2.0-requirements.md,1175,28. המערכת חייבת לעבוד בפועל,7. בדוק שהמסמכים נוצרים.,NOT STARTED,,,טרם אומתה עמידה מלאה בפרט זה; אין להסיק שמימוש בסיסי משלים אותו.
V2.0-L1176,docs/enterprise-2.0-requirements.md,1176,28. המערכת חייבת לעבוד בפועל,8. בדוק שההרשאות נאכפות.,NOT STARTED,,,טרם אומתה עמידה מלאה בפרט זה; אין להסיק שמימוש בסיסי משלים אותו.
V2.0-L1177,docs/enterprise-2.0-requirements.md,1177,28. המערכת חייבת לעבוד בפועל,9. תקן שגיאות.,NOT STARTED,,,טרם אומתה עמידה מלאה בפרט זה; אין להסיק שמימוש בסיסי משלים אותו.
V2.0-L1178,docs/enterprise-2.0-requirements.md,1178,28. המערכת חייבת לעבוד בפועל,10. עדכן תיעוד.,NOT STARTED,,,טרם אומתה עמידה מלאה בפרט זה; אין להסיק שמימוש בסיסי משלים אותו.
V2.0-L1180,docs/enterprise-2.0-requirements.md,1180,28. המערכת חייבת לעבוד בפועל,יש לשמור על הפעלה באמצעות Docker Compose ב-Windows.,NOT STARTED,,,טרם אומתה עמידה מלאה בפרט זה; אין להסיק שמימוש בסיסי משלים אותו.
V2.0-L1182,docs/enterprise-2.0-requirements.md,1182,28. המערכת חייבת לעבוד בפועל,יש להוסיף מיגרציות חדשות ולא למחוק את מסד הנתונים הקיים.,NOT STARTED,,,טרם אומתה עמידה מלאה בפרט זה; אין להסיק שמימוש בסיסי משלים אותו.
V2.0-L1184,docs/enterprise-2.0-requirements.md,1184,28. המערכת חייבת לעבוד בפועל,אין להריץ פעולות הרסניות על נתונים קיימים.,NOT STARTED,,,טרם אומתה עמידה מלאה בפרט זה; אין להסיק שמימוש בסיסי משלים אותו.
V2.0-L1190,docs/enterprise-2.0-requirements.md,1190,29. דיווח התקדמות אמיתי,- מה מומש.,NOT STARTED,,,טרם אומתה עמידה מלאה בפרט זה; אין להסיק שמימוש בסיסי משלים אותו.
V2.0-L1191,docs/enterprise-2.0-requirements.md,1191,29. דיווח התקדמות אמיתי,- אילו קבצים השתנו.,NOT STARTED,,,טרם אומתה עמידה מלאה בפרט זה; אין להסיק שמימוש בסיסי משלים אותו.
V2.0-L1192,docs/enterprise-2.0-requirements.md,1192,29. דיווח התקדמות אמיתי,- אילו תהליכים עובדים.,NOT STARTED,,,טרם אומתה עמידה מלאה בפרט זה; אין להסיק שמימוש בסיסי משלים אותו.
V2.0-L1193,docs/enterprise-2.0-requirements.md,1193,29. דיווח התקדמות אמיתי,- אילו בדיקות עברו.,NOT STARTED,,,טרם אומתה עמידה מלאה בפרט זה; אין להסיק שמימוש בסיסי משלים אותו.
V2.0-L1194,docs/enterprise-2.0-requirements.md,1194,29. דיווח התקדמות אמיתי,- אילו בדיקות נכשלו.,NOT STARTED,,,טרם אומתה עמידה מלאה בפרט זה; אין להסיק שמימוש בסיסי משלים אותו.
V2.0-L1195,docs/enterprise-2.0-requirements.md,1195,29. דיווח התקדמות אמיתי,- מה עדיין חסר.,NOT STARTED,,,טרם אומתה עמידה מלאה בפרט זה; אין להסיק שמימוש בסיסי משלים אותו.
V2.0-L1196,docs/enterprise-2.0-requirements.md,1196,29. דיווח התקדמות אמיתי,- מה השלב הבא.,NOT STARTED,,,טרם אומתה עמידה מלאה בפרט זה; אין להסיק שמימוש בסיסי משלים אותו.
V2.0-L1198,docs/enterprise-2.0-requirements.md,1198,29. דיווח התקדמות אמיתי,אין להציג יכולת כגמורה אם רק הממשק שלה נבנה.,NOT STARTED,,,טרם אומתה עמידה מלאה בפרט זה; אין להסיק שמימוש בסיסי משלים אותו.
V2.0-L1200,docs/enterprise-2.0-requirements.md,1200,29. דיווח התקדמות אמיתי,אין להסתיר מגבלות.,NOT STARTED,,,טרם אומתה עמידה מלאה בפרט זה; אין להסיק שמימוש בסיסי משלים אותו.
V2.0-L1202,docs/enterprise-2.0-requirements.md,1202,29. דיווח התקדמות אמיתי,אין לטעון שכל המערכת הושלמה אם קיימים מודולים שלא מומשו.,NOT STARTED,,,טרם אומתה עמידה מלאה בפרט זה; אין להסיק שמימוש בסיסי משלים אותו.
V2.0-L1222,docs/enterprise-2.0-requirements.md,1222,30. דרישה אחרונה,כל פעולה חייבת להשפיע באמת על המערכת.,NOT STARTED,,,טרם אומתה עמידה מלאה בפרט זה; אין להסיק שמימוש בסיסי משלים אותו.
V2.0-L1230,docs/enterprise-2.0-requirements.md,1230,30. דרישה אחרונה,"המשך בפיתוח בפועל ככל שסביבת העבודה מאפשרת, שמור את השינויים בענף עבודה מתאים והכן אותם לבדיקה ולמיזוג. אל תבצע פרסום לסביבת production.",NOT STARTED,,,טרם אומתה עמידה מלאה בפרט זה; אין להסיק שמימוש בסיסי משלים אותו.
V3.0-L20,docs/enterprise-3.0-requirements.md,20,הוראת על,"יש לשמור על הארכיטקטורה הקיימת כאשר היא מתאימה, להרחיב אותה באופן מבוקר, ולשמר את כל המידע והיכולות הקיימות.",NOT STARTED,,,טרם אומתה עמידה מלאה בפרט זה; אין להסיק שמימוש בסיסי משלים אותו.
V3.0-L28,docs/enterprise-3.0-requirements.md,28,1. הוראות ביצוע מחייבות,1. קרא את כל קוד המקור הקיים.,NOT STARTED,,,טרם אומתה עמידה מלאה בפרט זה; אין להסיק שמימוש בסיסי משלים אותו.
V3.0-L29,docs/enterprise-3.0-requirements.md,29,1. הוראות ביצוע מחייבות,2. קרא את `docs/enterprise-2.0-requirements.md`.,NOT STARTED,,,טרם אומתה עמידה מלאה בפרט זה; אין להסיק שמימוש בסיסי משלים אותו.
V3.0-L30,docs/enterprise-3.0-requirements.md,30,1. הוראות ביצוע מחייבות,3. קרא את `docs/enterprise-2.0-progress.md`.,NOT STARTED,,,טרם אומתה עמידה מלאה בפרט זה; אין להסיק שמימוש בסיסי משלים אותו.
V3.0-L31,docs/enterprise-3.0-requirements.md,31,1. הוראות ביצוע מחייבות,4. קרא את `docs/architecture.md`.,NOT STARTED,,,טרם אומתה עמידה מלאה בפרט זה; אין להסיק שמימוש בסיסי משלים אותו.
V3.0-L32,docs/enterprise-3.0-requirements.md,32,1. הוראות ביצוע מחייבות,5. קרא את `docs/implementation-status.md`.,NOT STARTED,,,טרם אומתה עמידה מלאה בפרט זה; אין להסיק שמימוש בסיסי משלים אותו.
V3.0-L33,docs/enterprise-3.0-requirements.md,33,1. הוראות ביצוע מחייבות,"6. בדוק את המיגרציות, מודל Prisma, ה־API, ה־Frontend, הבדיקות וה־Docker.",NOT STARTED,,,טרם אומתה עמידה מלאה בפרט זה; אין להסיק שמימוש בסיסי משלים אותו.
V3.0-L34,docs/enterprise-3.0-requirements.md,34,1. הוראות ביצוע מחייבות,"7. צור מטריצת דרישות מלאה המקשרת בין כל דרישה, קוד מממש, בדיקה וסטטוס.",NOT STARTED,,,טרם אומתה עמידה מלאה בפרט זה; אין להסיק שמימוש בסיסי משלים אותו.
V3.0-L35,docs/enterprise-3.0-requirements.md,35,1. הוראות ביצוע מחייבות,8. זהה כל יכולת חלקית והשלם אותה.,NOT STARTED,,,טרם אומתה עמידה מלאה בפרט זה; אין להסיק שמימוש בסיסי משלים אותו.
V3.0-L36,docs/enterprise-3.0-requirements.md,36,1. הוראות ביצוע מחייבות,9. אל תיצור מחדש יכולות קיימות שעובדות.,NOT STARTED,,,טרם אומתה עמידה מלאה בפרט זה; אין להסיק שמימוש בסיסי משלים אותו.
V3.0-L37,docs/enterprise-3.0-requirements.md,37,1. הוראות ביצוע מחייבות,10. אל תסתפק בכתיבת תוכנית. התחל מיד במימוש.,NOT STARTED,,,טרם אומתה עמידה מלאה בפרט זה; אין להסיק שמימוש בסיסי משלים אותו.
V3.0-L41,docs/enterprise-3.0-requirements.md,41,1. הוראות ביצוע מחייבות,אין לעקוף בקרות הרשאה או מגבלות מערכת כדי להמשיך לעבוד.,NOT STARTED,,,טרם אומתה עמידה מלאה בפרט זה; אין להסיק שמימוש בסיסי משלים אותו.
V3.0-L47,docs/enterprise-3.0-requirements.md,47,2. דרישות עומק לכל פונקציה,כל פעולה עסקית חייבת לכלול:,NOT STARTED,,,טרם אומתה עמידה מלאה בפרט זה; אין להסיק שמימוש בסיסי משלים אותו.
V3.0-L49,docs/enterprise-3.0-requirements.md,49,2. דרישות עומק לכל פונקציה,- מזהה פעולה יציב.,NOT STARTED,,,טרם אומתה עמידה מלאה בפרט זה; אין להסיק שמימוש בסיסי משלים אותו.
V3.0-L50,docs/enterprise-3.0-requirements.md,50,2. דרישות עומק לכל פונקציה,- שם פעולה בעברית.,NOT STARTED,,,טרם אומתה עמידה מלאה בפרט זה; אין להסיק שמימוש בסיסי משלים אותו.
V3.0-L51,docs/enterprise-3.0-requirements.md,51,2. דרישות עומק לכל פונקציה,- תיאור עסקי.,NOT STARTED,,,טרם אומתה עמידה מלאה בפרט זה; אין להסיק שמימוש בסיסי משלים אותו.
V3.0-L52,docs/enterprise-3.0-requirements.md,52,2. דרישות עומק לכל פונקציה,- הרשאות.,NOT STARTED,,,טרם אומתה עמידה מלאה בפרט זה; אין להסיק שמימוש בסיסי משלים אותו.
V3.0-L53,docs/enterprise-3.0-requirements.md,53,2. דרישות עומק לכל פונקציה,- תנאים מקדימים.,NOT STARTED,,,טרם אומתה עמידה מלאה בפרט זה; אין להסיק שמימוש בסיסי משלים אותו.
V3.0-L54,docs/enterprise-3.0-requirements.md,54,2. דרישות עומק לכל פונקציה,- בדיקת מצב הרשומה.,NOT STARTED,,,טרם אומתה עמידה מלאה בפרט זה; אין להסיק שמימוש בסיסי משלים אותו.
V3.0-L55,docs/enterprise-3.0-requirements.md,55,2. דרישות עומק לכל פונקציה,- טופס קלט מתאים.,NOT STARTED,,,טרם אומתה עמידה מלאה בפרט זה; אין להסיק שמימוש בסיסי משלים אותו.
V3.0-L56,docs/enterprise-3.0-requirements.md,56,2. דרישות עומק לכל פונקציה,- ולידציות Frontend ו־Backend.,NOT STARTED,,,טרם אומתה עמידה מלאה בפרט זה; אין להסיק שמימוש בסיסי משלים אותו.
V3.0-L57,docs/enterprise-3.0-requirements.md,57,2. דרישות עומק לכל פונקציה,- תהליך עסקי.,NOT STARTED,,,טרם אומתה עמידה מלאה בפרט זה; אין להסיק שמימוש בסיסי משלים אותו.
V3.0-L58,docs/enterprise-3.0-requirements.md,58,2. דרישות עומק לכל פונקציה,- מצבי ביניים.,NOT STARTED,,,טרם אומתה עמידה מלאה בפרט זה; אין להסיק שמימוש בסיסי משלים אותו.
V3.0-L59,docs/enterprise-3.0-requirements.md,59,2. דרישות עומק לכל פונקציה,- בדיקות אוטומטיות.,NOT STARTED,,,טרם אומתה עמידה מלאה בפרט זה; אין להסיק שמימוש בסיסי משלים אותו.
V3.0-L60,docs/enterprise-3.0-requirements.md,60,2. דרישות עומק לכל פונקציה,- טיפול בחריגים.,NOT STARTED,,,טרם אומתה עמידה מלאה בפרט זה; אין להסיק שמימוש בסיסי משלים אותו.
V3.0-L61,docs/enterprise-3.0-requirements.md,61,2. דרישות עומק לכל פונקציה,- שמירת נתונים ב־PostgreSQL.,NOT STARTED,,,טרם אומתה עמידה מלאה בפרט זה; אין להסיק שמימוש בסיסי משלים אותו.
V3.0-L62,docs/enterprise-3.0-requirements.md,62,2. דרישות עומק לכל פונקציה,- טרנזקציות לפי הצורך.,NOT STARTED,,,טרם אומתה עמידה מלאה בפרט זה; אין להסיק שמימוש בסיסי משלים אותו.
V3.0-L63,docs/enterprise-3.0-requirements.md,63,2. דרישות עומק לכל פונקציה,- השפעה על רשומות קשורות.,NOT STARTED,,,טרם אומתה עמידה מלאה בפרט זה; אין להסיק שמימוש בסיסי משלים אותו.
V3.0-L64,docs/enterprise-3.0-requirements.md,64,2. דרישות עומק לכל פונקציה,- היסטוריית שינויים.,IN PROGRESS,apps/api/src/enrollment.ts; apps/api/src/service.ts; prisma/schema.prisma,tests/enrollment-api.test.ts; tests/api.test.ts,ממומש בתהליכים קיימים; עדיין נדרש בכל המודולים החדשים.
V3.0-L65,docs/enterprise-3.0-requirements.md,65,2. דרישות עומק לכל פונקציה,- אירועי ביקורת.,NOT STARTED,,,טרם אומתה עמידה מלאה בפרט זה; אין להסיק שמימוש בסיסי משלים אותו.
V3.0-L66,docs/enterprise-3.0-requirements.md,66,2. דרישות עומק לכל פונקציה,- מסמכים לפי הצורך.,NOT STARTED,,,טרם אומתה עמידה מלאה בפרט זה; אין להסיק שמימוש בסיסי משלים אותו.
V3.0-L67,docs/enterprise-3.0-requirements.md,67,2. דרישות עומק לכל פונקציה,- אישורים לפי הצורך.,NOT STARTED,,,טרם אומתה עמידה מלאה בפרט זה; אין להסיק שמימוש בסיסי משלים אותו.
V3.0-L68,docs/enterprise-3.0-requirements.md,68,2. דרישות עומק לכל פונקציה,- בדיקות יחידה ואינטגרציה.,NOT STARTED,,,טרם אומתה עמידה מלאה בפרט זה; אין להסיק שמימוש בסיסי משלים אותו.
V3.0-L69,docs/enterprise-3.0-requirements.md,69,2. דרישות עומק לכל פונקציה,- תוצאה ברורה למשתמש.,NOT STARTED,,,טרם אומתה עמידה מלאה בפרט זה; אין להסיק שמימוש בסיסי משלים אותו.
V3.0-L71,docs/enterprise-3.0-requirements.md,71,2. דרישות עומק לכל פונקציה,"אין ליצור פונקציה שהיא רק כפתור, הודעת הצלחה או שינוי חזותי.",NOT STARTED,,,טרם אומתה עמידה מלאה בפרט זה; אין להסיק שמימוש בסיסי משלים אותו.
V3.0-L77,docs/enterprise-3.0-requirements.md,77,3. ארכיטקטורת מערכת ליבה ארגונית,בנה מערכת מודולרית הכוללת:,NOT STARTED,,,טרם אומתה עמידה מלאה בפרט זה; אין להסיק שמימוש בסיסי משלים אותו.
V3.0-L79,docs/enterprise-3.0-requirements.md,79,3. ארכיטקטורת מערכת ליבה ארגונית,1. Customer Management,NOT STARTED,,,טרם אומתה עמידה מלאה בפרט זה; אין להסיק שמימוש בסיסי משלים אותו.
V3.0-L80,docs/enterprise-3.0-requirements.md,80,3. ארכיטקטורת מערכת ליבה ארגונית,2. Pet Registry,NOT STARTED,,,טרם אומתה עמידה מלאה בפרט זה; אין להסיק שמימוש בסיסי משלים אותו.
V3.0-L81,docs/enterprise-3.0-requirements.md,81,3. ארכיטקטורת מערכת ליבה ארגונית,3. Policy Administration,NOT STARTED,,,טרם אומתה עמידה מלאה בפרט זה; אין להסיק שמימוש בסיסי משלים אותו.
V3.0-L82,docs/enterprise-3.0-requirements.md,82,3. ארכיטקטורת מערכת ליבה ארגונית,4. Product Configuration,NOT STARTED,,,טרם אומתה עמידה מלאה בפרט זה; אין להסיק שמימוש בסיסי משלים אותו.
V3.0-L83,docs/enterprise-3.0-requirements.md,83,3. ארכיטקטורת מערכת ליבה ארגונית,5. Rating and Pricing,NOT STARTED,,,טרם אומתה עמידה מלאה בפרט זה; אין להסיק שמימוש בסיסי משלים אותו.
V3.0-L84,docs/enterprise-3.0-requirements.md,84,3. ארכיטקטורת מערכת ליבה ארגונית,6. New Business,NOT STARTED,,,טרם אומתה עמידה מלאה בפרט זה; אין להסיק שמימוש בסיסי משלים אותו.
V3.0-L85,docs/enterprise-3.0-requirements.md,85,3. ארכיטקטורת מערכת ליבה ארגונית,7. Underwriting,NOT STARTED,,,טרם אומתה עמידה מלאה בפרט זה; אין להסיק שמימוש בסיסי משלים אותו.
V3.0-L86,docs/enterprise-3.0-requirements.md,86,3. ארכיטקטורת מערכת ליבה ארגונית,8. Medical Questionnaires,NOT STARTED,,,טרם אומתה עמידה מלאה בפרט זה; אין להסיק שמימוש בסיסי משלים אותו.
V3.0-L87,docs/enterprise-3.0-requirements.md,87,3. ארכיטקטורת מערכת ליבה ארגונית,9. Claims Management,NOT STARTED,,,טרם אומתה עמידה מלאה בפרט זה; אין להסיק שמימוש בסיסי משלים אותו.
V3.0-L88,docs/enterprise-3.0-requirements.md,88,3. ארכיטקטורת מערכת ליבה ארגונית,10. Medical Pre-Authorization,NOT STARTED,,,טרם אומתה עמידה מלאה בפרט זה; אין להסיק שמימוש בסיסי משלים אותו.
V3.0-L89,docs/enterprise-3.0-requirements.md,89,3. ארכיטקטורת מערכת ליבה ארגונית,11. Billing and Collections,NOT STARTED,,,טרם אומתה עמידה מלאה בפרט זה; אין להסיק שמימוש בסיסי משלים אותו.
V3.0-L90,docs/enterprise-3.0-requirements.md,90,3. ארכיטקטורת מערכת ליבה ארגונית,12. Financial Ledger,NOT STARTED,,,טרם אומתה עמידה מלאה בפרט זה; אין להסיק שמימוש בסיסי משלים אותו.
V3.0-L91,docs/enterprise-3.0-requirements.md,91,3. ארכיטקטורת מערכת ליבה ארגונית,13. Refunds and Reconciliation,NOT STARTED,,,טרם אומתה עמידה מלאה בפרט זה; אין להסיק שמימוש בסיסי משלים אותו.
V3.0-L92,docs/enterprise-3.0-requirements.md,92,3. ארכיטקטורת מערכת ליבה ארגונית,14. Document Management,NOT STARTED,,,טרם אומתה עמידה מלאה בפרט זה; אין להסיק שמימוש בסיסי משלים אותו.
V3.0-L93,docs/enterprise-3.0-requirements.md,93,3. ארכיטקטורת מערכת ליבה ארגונית,15. Digital Signature Simulation,NOT STARTED,,,טרם אומתה עמידה מלאה בפרט זה; אין להסיק שמימוש בסיסי משלים אותו.
V3.0-L94,docs/enterprise-3.0-requirements.md,94,3. ארכיטקטורת מערכת ליבה ארגונית,16. Customer Service,NOT STARTED,,,טרם אומתה עמידה מלאה בפרט זה; אין להסיק שמימוש בסיסי משלים אותו.
V3.0-L95,docs/enterprise-3.0-requirements.md,95,3. ארכיטקטורת מערכת ליבה ארגונית,17. Veterinary Provider Portal,NOT STARTED,,,טרם אומתה עמידה מלאה בפרט זה; אין להסיק שמימוש בסיסי משלים אותו.
V3.0-L96,docs/enterprise-3.0-requirements.md,96,3. ארכיטקטורת מערכת ליבה ארגונית,18. Workflow Engine,NOT STARTED,,,טרם אומתה עמידה מלאה בפרט זה; אין להסיק שמימוש בסיסי משלים אותו.
V3.0-L97,docs/enterprise-3.0-requirements.md,97,3. ארכיטקטורת מערכת ליבה ארגונית,19. Approval Engine,NOT STARTED,,,טרם אומתה עמידה מלאה בפרט זה; אין להסיק שמימוש בסיסי משלים אותו.
V3.0-L98,docs/enterprise-3.0-requirements.md,98,3. ארכיטקטורת מערכת ליבה ארגונית,20. Task Management,NOT STARTED,,,טרם אומתה עמידה מלאה בפרט זה; אין להסיק שמימוש בסיסי משלים אותו.
V3.0-L99,docs/enterprise-3.0-requirements.md,99,3. ארכיטקטורת מערכת ליבה ארגונית,21. Employee Management,NOT STARTED,,,טרם אומתה עמידה מלאה בפרט זה; אין להסיק שמימוש בסיסי משלים אותו.
V3.0-L100,docs/enterprise-3.0-requirements.md,100,3. ארכיטקטורת מערכת ליבה ארגונית,22. Roles and Permissions,NOT STARTED,,,טרם אומתה עמידה מלאה בפרט זה; אין להסיק שמימוש בסיסי משלים אותו.
V3.0-L101,docs/enterprise-3.0-requirements.md,101,3. ארכיטקטורת מערכת ליבה ארגונית,23. Reporting and Analytics,NOT STARTED,,,טרם אומתה עמידה מלאה בפרט זה; אין להסיק שמימוש בסיסי משלים אותו.
V3.0-L102,docs/enterprise-3.0-requirements.md,102,3. ארכיטקטורת מערכת ליבה ארגונית,24. Audit and Compliance,NOT STARTED,,,טרם אומתה עמידה מלאה בפרט זה; אין להסיק שמימוש בסיסי משלים אותו.
V3.0-L103,docs/enterprise-3.0-requirements.md,103,3. ארכיטקטורת מערכת ליבה ארגונית,25. Notifications,NOT STARTED,,,טרם אומתה עמידה מלאה בפרט זה; אין להסיק שמימוש בסיסי משלים אותו.
V3.0-L104,docs/enterprise-3.0-requirements.md,104,3. ארכיטקטורת מערכת ליבה ארגונית,26. System Administration,NOT STARTED,,,טרם אומתה עמידה מלאה בפרט זה; אין להסיק שמימוש בסיסי משלים אותו.
V3.0-L105,docs/enterprise-3.0-requirements.md,105,3. ארכיטקטורת מערכת ליבה ארגונית,27. Business Action Registry,NOT STARTED,,,טרם אומתה עמידה מלאה בפרט זה; אין להסיק שמימוש בסיסי משלים אותו.
V3.0-L106,docs/enterprise-3.0-requirements.md,106,3. ארכיטקטורת מערכת ליבה ארגונית,28. Rules Engine,NOT STARTED,,,טרם אומתה עמידה מלאה בפרט זה; אין להסיק שמימוש בסיסי משלים אותו.
V3.0-L107,docs/enterprise-3.0-requirements.md,107,3. ארכיטקטורת מערכת ליבה ארגונית,29. Data Import and Export,NOT STARTED,,,טרם אומתה עמידה מלאה בפרט זה; אין להסיק שמימוש בסיסי משלים אותו.
V3.0-L108,docs/enterprise-3.0-requirements.md,108,3. ארכיטקטורת מערכת ליבה ארגונית,30. Backup and Recovery,NOT STARTED,,,טרם אומתה עמידה מלאה בפרט זה; אין להסיק שמימוש בסיסי משלים אותו.
V3.0-L110,docs/enterprise-3.0-requirements.md,110,3. ארכיטקטורת מערכת ליבה ארגונית,"כל המודולים חייבים להיות מקושרים באמצעות מזהים יציבים, שירותים עסקיים, חוזי API ומודל נתונים עקבי.",NOT STARTED,,,טרם אומתה עמידה מלאה בפרט זה; אין להסיק שמימוש בסיסי משלים אותו.
V3.0-L120,docs/enterprise-3.0-requirements.md,120,4. עיצוב מחדש של סביבת העבודה,- ממשק עברי מלא ו־RTL.,NOT STARTED,,,טרם אומתה עמידה מלאה בפרט זה; אין להסיק שמימוש בסיסי משלים אותו.
V3.0-L121,docs/enterprise-3.0-requirements.md,121,4. עיצוב מחדש של סביבת העבודה,- תפריט צדדי היררכי.,NOT STARTED,,,טרם אומתה עמידה מלאה בפרט זה; אין להסיק שמימוש בסיסי משלים אותו.
V3.0-L122,docs/enterprise-3.0-requirements.md,122,4. עיצוב מחדש של סביבת העבודה,- סרגל ניווט עליון.,NOT STARTED,,,טרם אומתה עמידה מלאה בפרט זה; אין להסיק שמימוש בסיסי משלים אותו.
V3.0-L123,docs/enterprise-3.0-requirements.md,123,4. עיצוב מחדש של סביבת העבודה,- חיפוש גלובלי.,NOT STARTED,,,טרם אומתה עמידה מלאה בפרט זה; אין להסיק שמימוש בסיסי משלים אותו.
V3.0-L124,docs/enterprise-3.0-requirements.md,124,4. עיצוב מחדש של סביבת העבודה,- טאבים מרובים של תיקים פתוחים.,NOT STARTED,,,טרם אומתה עמידה מלאה בפרט זה; אין להסיק שמימוש בסיסי משלים אותו.
V3.0-L125,docs/enterprise-3.0-requirements.md,125,4. עיצוב מחדש של סביבת העבודה,- היסטוריית תיקים אחרונים.,NOT STARTED,,,טרם אומתה עמידה מלאה בפרט זה; אין להסיק שמימוש בסיסי משלים אותו.
V3.0-L126,docs/enterprise-3.0-requirements.md,126,4. עיצוב מחדש של סביבת העבודה,- מסך עבודה אישי לעובד.,NOT STARTED,,,טרם אומתה עמידה מלאה בפרט זה; אין להסיק שמימוש בסיסי משלים אותו.
V3.0-L127,docs/enterprise-3.0-requirements.md,127,4. עיצוב מחדש של סביבת העבודה,- מסך תורים.,NOT STARTED,,,טרם אומתה עמידה מלאה בפרט זה; אין להסיק שמימוש בסיסי משלים אותו.
V3.0-L128,docs/enterprise-3.0-requirements.md,128,4. עיצוב מחדש של סביבת העבודה,- מרכז התראות.,NOT STARTED,,,טרם אומתה עמידה מלאה בפרט זה; אין להסיק שמימוש בסיסי משלים אותו.
V3.0-L129,docs/enterprise-3.0-requirements.md,129,4. עיצוב מחדש של סביבת העבודה,- מרכז אישורים.,NOT STARTED,,,טרם אומתה עמידה מלאה בפרט זה; אין להסיק שמימוש בסיסי משלים אותו.
V3.0-L130,docs/enterprise-3.0-requirements.md,130,4. עיצוב מחדש של סביבת העבודה,- מרכז מסמכים.,NOT STARTED,,,טרם אומתה עמידה מלאה בפרט זה; אין להסיק שמימוש בסיסי משלים אותו.
V3.0-L131,docs/enterprise-3.0-requirements.md,131,4. עיצוב מחדש של סביבת העבודה,- מרכז משימות.,NOT STARTED,,,טרם אומתה עמידה מלאה בפרט זה; אין להסיק שמימוש בסיסי משלים אותו.
V3.0-L132,docs/enterprise-3.0-requirements.md,132,4. עיצוב מחדש של סביבת העבודה,- חלוניות עבודה.,NOT STARTED,,,טרם אומתה עמידה מלאה בפרט זה; אין להסיק שמימוש בסיסי משלים אותו.
V3.0-L133,docs/enterprise-3.0-requirements.md,133,4. עיצוב מחדש של סביבת העבודה,- טפסים רב־שלביים.,NOT STARTED,,,טרם אומתה עמידה מלאה בפרט זה; אין להסיק שמימוש בסיסי משלים אותו.
V3.0-L134,docs/enterprise-3.0-requirements.md,134,4. עיצוב מחדש של סביבת העבודה,- טבלאות מקצועיות.,NOT STARTED,,,טרם אומתה עמידה מלאה בפרט זה; אין להסיק שמימוש בסיסי משלים אותו.
V3.0-L135,docs/enterprise-3.0-requirements.md,135,4. עיצוב מחדש של סביבת העבודה,- מיון וסינון מתקדם.,NOT STARTED,,,טרם אומתה עמידה מלאה בפרט זה; אין להסיק שמימוש בסיסי משלים אותו.
V3.0-L136,docs/enterprise-3.0-requirements.md,136,4. עיצוב מחדש של סביבת העבודה,- פעולות מרובות לפי הרשאה.,NOT STARTED,,,טרם אומתה עמידה מלאה בפרט זה; אין להסיק שמימוש בסיסי משלים אותו.
V3.0-L137,docs/enterprise-3.0-requirements.md,137,4. עיצוב מחדש של סביבת העבודה,- תצוגות השוואה.,NOT STARTED,,,טרם אומתה עמידה מלאה בפרט זה; אין להסיק שמימוש בסיסי משלים אותו.
V3.0-L138,docs/enterprise-3.0-requirements.md,138,4. עיצוב מחדש של סביבת העבודה,- תצוגת Timeline.,NOT STARTED,,,טרם אומתה עמידה מלאה בפרט זה; אין להסיק שמימוש בסיסי משלים אותו.
V3.0-L139,docs/enterprise-3.0-requirements.md,139,4. עיצוב מחדש של סביבת העבודה,- התראות על מידע חסר.,NOT STARTED,,,טרם אומתה עמידה מלאה בפרט זה; אין להסיק שמימוש בסיסי משלים אותו.
V3.0-L140,docs/enterprise-3.0-requirements.md,140,4. עיצוב מחדש של סביבת העבודה,- חיווי שמירת טיוטות.,IN PROGRESS,apps/api/src/documents.ts; apps/api/src/signing.ts; apps/web/src/components/enrollment-workspace.tsx,tests/enrollment-api.test.ts; tests/e2e/enrollment.spec.ts,מימוש פעיל; בדיקת דפדפן עדכנית בתהליך. הרחבות מסמכים נוספות נשארו פתוחות.
V3.0-L141,docs/enterprise-3.0-requirements.md,141,4. עיצוב מחדש של סביבת העבודה,- טיפול בשגיאות ולידציה.,NOT STARTED,,,טרם אומתה עמידה מלאה בפרט זה; אין להסיק שמימוש בסיסי משלים אותו.
V3.0-L142,docs/enterprise-3.0-requirements.md,142,4. עיצוב מחדש של סביבת העבודה,- קיצורי מקלדת.,NOT STARTED,,,טרם אומתה עמידה מלאה בפרט זה; אין להסיק שמימוש בסיסי משלים אותו.
V3.0-L143,docs/enterprise-3.0-requirements.md,143,4. עיצוב מחדש של סביבת העבודה,- התאמה למסכים שונים.,NOT STARTED,,,טרם אומתה עמידה מלאה בפרט זה; אין להסיק שמימוש בסיסי משלים אותו.
V3.0-L144,docs/enterprise-3.0-requirements.md,144,4. עיצוב מחדש של סביבת העבודה,- נגישות מקלדת וקוראי מסך.,NOT STARTED,,,טרם אומתה עמידה מלאה בפרט זה; אין להסיק שמימוש בסיסי משלים אותו.
V3.0-L148,docs/enterprise-3.0-requirements.md,148,4. עיצוב מחדש של סביבת העבודה,אין ליצור דשבורד דקורטיבי במקום מערכת תפעולית.,NOT STARTED,,,טרם אומתה עמידה מלאה בפרט זה; אין להסיק שמימוש בסיסי משלים אותו.
V3.0-L154,docs/enterprise-3.0-requirements.md,154,5. תיק לקוח מרכזי — Customer 360,בנה סביבת עבודה מלאה לכל לקוח.,NOT STARTED,,,טרם אומתה עמידה מלאה בפרט זה; אין להסיק שמימוש בסיסי משלים אותו.
V3.0-L158,docs/enterprise-3.0-requirements.md,158,5. תיק לקוח מרכזי — Customer 360,- סקירה.,NOT STARTED,,,טרם אומתה עמידה מלאה בפרט זה; אין להסיק שמימוש בסיסי משלים אותו.
V3.0-L159,docs/enterprise-3.0-requirements.md,159,5. תיק לקוח מרכזי — Customer 360,- פרטים אישיים.,NOT STARTED,,,טרם אומתה עמידה מלאה בפרט זה; אין להסיק שמימוש בסיסי משלים אותו.
V3.0-L160,docs/enterprise-3.0-requirements.md,160,5. תיק לקוח מרכזי — Customer 360,- פרטי התקשרות.,NOT STARTED,,,טרם אומתה עמידה מלאה בפרט זה; אין להסיק שמימוש בסיסי משלים אותו.
V3.0-L161,docs/enterprise-3.0-requirements.md,161,5. תיק לקוח מרכזי — Customer 360,- כתובות.,NOT STARTED,,,טרם אומתה עמידה מלאה בפרט זה; אין להסיק שמימוש בסיסי משלים אותו.
V3.0-L162,docs/enterprise-3.0-requirements.md,162,5. תיק לקוח מרכזי — Customer 360,- בעלי חיים.,NOT STARTED,,,טרם אומתה עמידה מלאה בפרט זה; אין להסיק שמימוש בסיסי משלים אותו.
V3.0-L163,docs/enterprise-3.0-requirements.md,163,5. תיק לקוח מרכזי — Customer 360,- בקשות הצטרפות.,NOT STARTED,,,טרם אומתה עמידה מלאה בפרט זה; אין להסיק שמימוש בסיסי משלים אותו.
V3.0-L164,docs/enterprise-3.0-requirements.md,164,5. תיק לקוח מרכזי — Customer 360,- פוליסות.,NOT STARTED,,,טרם אומתה עמידה מלאה בפרט זה; אין להסיק שמימוש בסיסי משלים אותו.
V3.0-L165,docs/enterprise-3.0-requirements.md,165,5. תיק לקוח מרכזי — Customer 360,- הצעות מחיר.,NOT STARTED,,,טרם אומתה עמידה מלאה בפרט זה; אין להסיק שמימוש בסיסי משלים אותו.
V3.0-L166,docs/enterprise-3.0-requirements.md,166,5. תיק לקוח מרכזי — Customer 360,- הצהרות רפואיות.,NOT STARTED,,,טרם אומתה עמידה מלאה בפרט זה; אין להסיק שמימוש בסיסי משלים אותו.
V3.0-L167,docs/enterprise-3.0-requirements.md,167,5. תיק לקוח מרכזי — Customer 360,- תביעות.,NOT STARTED,,,טרם אומתה עמידה מלאה בפרט זה; אין להסיק שמימוש בסיסי משלים אותו.
V3.0-L168,docs/enterprise-3.0-requirements.md,168,5. תיק לקוח מרכזי — Customer 360,- התחייבויות.,NOT STARTED,,,טרם אומתה עמידה מלאה בפרט זה; אין להסיק שמימוש בסיסי משלים אותו.
V3.0-L169,docs/enterprise-3.0-requirements.md,169,5. תיק לקוח מרכזי — Customer 360,- חיובים.,NOT STARTED,,,טרם אומתה עמידה מלאה בפרט זה; אין להסיק שמימוש בסיסי משלים אותו.
V3.0-L170,docs/enterprise-3.0-requirements.md,170,5. תיק לקוח מרכזי — Customer 360,- תשלומים.,NOT STARTED,,,טרם אומתה עמידה מלאה בפרט זה; אין להסיק שמימוש בסיסי משלים אותו.
V3.0-L171,docs/enterprise-3.0-requirements.md,171,5. תיק לקוח מרכזי — Customer 360,- זיכויים.,NOT STARTED,,,טרם אומתה עמידה מלאה בפרט זה; אין להסיק שמימוש בסיסי משלים אותו.
V3.0-L172,docs/enterprise-3.0-requirements.md,172,5. תיק לקוח מרכזי — Customer 360,- חובות.,NOT STARTED,,,טרם אומתה עמידה מלאה בפרט זה; אין להסיק שמימוש בסיסי משלים אותו.
V3.0-L173,docs/enterprise-3.0-requirements.md,173,5. תיק לקוח מרכזי — Customer 360,- מסמכים.,NOT STARTED,,,טרם אומתה עמידה מלאה בפרט זה; אין להסיק שמימוש בסיסי משלים אותו.
V3.0-L174,docs/enterprise-3.0-requirements.md,174,5. תיק לקוח מרכזי — Customer 360,- חתימות.,NOT STARTED,,,טרם אומתה עמידה מלאה בפרט זה; אין להסיק שמימוש בסיסי משלים אותו.
V3.0-L175,docs/enterprise-3.0-requirements.md,175,5. תיק לקוח מרכזי — Customer 360,- פניות שירות.,NOT STARTED,,,טרם אומתה עמידה מלאה בפרט זה; אין להסיק שמימוש בסיסי משלים אותו.
V3.0-L176,docs/enterprise-3.0-requirements.md,176,5. תיק לקוח מרכזי — Customer 360,- משימות.,NOT STARTED,,,טרם אומתה עמידה מלאה בפרט זה; אין להסיק שמימוש בסיסי משלים אותו.
V3.0-L177,docs/enterprise-3.0-requirements.md,177,5. תיק לקוח מרכזי — Customer 360,- התראות.,NOT STARTED,,,טרם אומתה עמידה מלאה בפרט זה; אין להסיק שמימוש בסיסי משלים אותו.
V3.0-L178,docs/enterprise-3.0-requirements.md,178,5. תיק לקוח מרכזי — Customer 360,- היסטוריה.,NOT STARTED,,,טרם אומתה עמידה מלאה בפרט זה; אין להסיק שמימוש בסיסי משלים אותו.
V3.0-L179,docs/enterprise-3.0-requirements.md,179,5. תיק לקוח מרכזי — Customer 360,- ביקורת.,NOT STARTED,,,טרם אומתה עמידה מלאה בפרט זה; אין להסיק שמימוש בסיסי משלים אותו.
V3.0-L181,docs/enterprise-3.0-requirements.md,181,5. תיק לקוח מרכזי — Customer 360,"יש לאפשר חיפוש לפי מספר לקוח, מספר פוליסה, מספר שבב, שם בעל חיים, שם לקוח ונתונים מורשים נוספים.",NOT STARTED,,,טרם אומתה עמידה מלאה בפרט זה; אין להסיק שמימוש בסיסי משלים אותו.
V3.0-L183,docs/enterprise-3.0-requirements.md,183,5. תיק לקוח מרכזי — Customer 360,"הוסף מניעת כפילויות, מיזוג רשומות בפיקוח, זיהוי קשרי לקוחות ותיעוד שינויים.",NOT STARTED,,,טרם אומתה עמידה מלאה בפרט זה; אין להסיק שמימוש בסיסי משלים אותו.
V3.0-L185,docs/enterprise-3.0-requirements.md,185,5. תיק לקוח מרכזי — Customer 360,אין לאפשר מיזוג אוטומטי של רשומות כאשר קיימת אי־ודאות בזהות.,NOT STARTED,,,טרם אומתה עמידה מלאה בפרט זה; אין להסיק שמימוש בסיסי משלים אותו.
V3.0-L193,docs/enterprise-3.0-requirements.md,193,6. אשף הצטרפות מלא — שדרוג נוסף,יש להרחיב אותו לרמת מערכת ארגונית.,NOT STARTED,,,טרם אומתה עמידה מלאה בפרט זה; אין להסיק שמימוש בסיסי משלים אותו.
V3.0-L195,docs/enterprise-3.0-requirements.md,195,6. אשף הצטרפות מלא — שדרוג נוסף,"כל שלב חייב להכיל שאלונים מפורטים, ולידציות, שמירת טיוטות, גרסאות, מסמכים וסטטוס.",NOT STARTED,,,טרם אומתה עמידה מלאה בפרט זה; אין להסיק שמימוש בסיסי משלים אותו.
V3.0-L199,docs/enterprise-3.0-requirements.md,199,שלבי ההצטרפות,1. פתיחת בקשה.,NOT STARTED,,,טרם אומתה עמידה מלאה בפרט זה; אין להסיק שמימוש בסיסי משלים אותו.
V3.0-L200,docs/enterprise-3.0-requirements.md,200,שלבי ההצטרפות,2. איתור וזיהוי לקוח.,NOT STARTED,,,טרם אומתה עמידה מלאה בפרט זה; אין להסיק שמימוש בסיסי משלים אותו.
V3.0-L201,docs/enterprise-3.0-requirements.md,201,שלבי ההצטרפות,3. רישום לקוח חדש.,NOT STARTED,,,טרם אומתה עמידה מלאה בפרט זה; אין להסיק שמימוש בסיסי משלים אותו.
V3.0-L202,docs/enterprise-3.0-requirements.md,202,שלבי ההצטרפות,4. פרטי בעל חיים.,NOT STARTED,,,טרם אומתה עמידה מלאה בפרט זה; אין להסיק שמימוש בסיסי משלים אותו.
V3.0-L203,docs/enterprise-3.0-requirements.md,203,שלבי ההצטרפות,5. אימות שבב.,NOT STARTED,,,טרם אומתה עמידה מלאה בפרט זה; אין להסיק שמימוש בסיסי משלים אותו.
V3.0-L204,docs/enterprise-3.0-requirements.md,204,שלבי ההצטרפות,6. פרטי וטרינר.,NOT STARTED,,,טרם אומתה עמידה מלאה בפרט זה; אין להסיק שמימוש בסיסי משלים אותו.
V3.0-L205,docs/enterprise-3.0-requirements.md,205,שלבי ההצטרפות,7. היסטוריה רפואית.,NOT STARTED,,,טרם אומתה עמידה מלאה בפרט זה; אין להסיק שמימוש בסיסי משלים אותו.
V3.0-L206,docs/enterprise-3.0-requirements.md,206,שלבי ההצטרפות,8. הצהרת בריאות כללית.,NOT STARTED,,,טרם אומתה עמידה מלאה בפרט זה; אין להסיק שמימוש בסיסי משלים אותו.
V3.0-L207,docs/enterprise-3.0-requirements.md,207,שלבי ההצטרפות,9. שאלונים רפואיים לפי מערכות גוף.,IN PROGRESS,packages/domain/src/enrollment.ts,tests/enrollment.test.ts,הנחיית המשתמש המאוחרת גוברת: בגרסה 4 קוצרו 60 שאלות גוף ל־8 שאלות סינון המכסות 20 מערכות. גרסאות קודמות נשמרות. קטלוג מנוהל עדיין חסר.
V3.0-L208,docs/enterprise-3.0-requirements.md,208,שלבי ההצטרפות,10. טיפולים וניתוחים.,NOT STARTED,,,טרם אומתה עמידה מלאה בפרט זה; אין להסיק שמימוש בסיסי משלים אותו.
V3.0-L209,docs/enterprise-3.0-requirements.md,209,שלבי ההצטרפות,11. תרופות קבועות.,NOT STARTED,,,טרם אומתה עמידה מלאה בפרט זה; אין להסיק שמימוש בסיסי משלים אותו.
V3.0-L210,docs/enterprise-3.0-requirements.md,210,שלבי ההצטרפות,12. חיסונים וטיפולים מונעים.,NOT STARTED,,,טרם אומתה עמידה מלאה בפרט זה; אין להסיק שמימוש בסיסי משלים אותו.
V3.0-L211,docs/enterprise-3.0-requirements.md,211,שלבי ההצטרפות,13. מסמכים רפואיים.,NOT STARTED,,,טרם אומתה עמידה מלאה בפרט זה; אין להסיק שמימוש בסיסי משלים אותו.
V3.0-L212,docs/enterprise-3.0-requirements.md,212,שלבי ההצטרפות,14. בחירת מוצר.,NOT STARTED,,,טרם אומתה עמידה מלאה בפרט זה; אין להסיק שמימוש בסיסי משלים אותו.
V3.0-L213,docs/enterprise-3.0-requirements.md,213,שלבי ההצטרפות,15. השוואת מסלולים.,NOT STARTED,,,טרם אומתה עמידה מלאה בפרט זה; אין להסיק שמימוש בסיסי משלים אותו.
V3.0-L214,docs/enterprise-3.0-requirements.md,214,שלבי ההצטרפות,16. בחירת הרחבות.,NOT STARTED,,,טרם אומתה עמידה מלאה בפרט זה; אין להסיק שמימוש בסיסי משלים אותו.
V3.0-L215,docs/enterprise-3.0-requirements.md,215,שלבי ההצטרפות,17. תמחור.,NOT STARTED,,,טרם אומתה עמידה מלאה בפרט זה; אין להסיק שמימוש בסיסי משלים אותו.
V3.0-L216,docs/enterprise-3.0-requirements.md,216,שלבי ההצטרפות,18. בדיקת זכאות.,NOT STARTED,,,טרם אומתה עמידה מלאה בפרט זה; אין להסיק שמימוש בסיסי משלים אותו.
V3.0-L217,docs/enterprise-3.0-requirements.md,217,שלבי ההצטרפות,19. חיתום.,NOT STARTED,,,טרם אומתה עמידה מלאה בפרט זה; אין להסיק שמימוש בסיסי משלים אותו.
V3.0-L218,docs/enterprise-3.0-requirements.md,218,שלבי ההצטרפות,20. הצגת החרגות.,NOT STARTED,,,טרם אומתה עמידה מלאה בפרט זה; אין להסיק שמימוש בסיסי משלים אותו.
V3.0-L219,docs/enterprise-3.0-requirements.md,219,שלבי ההצטרפות,21. הצהרות והסכמות.,NOT STARTED,,,טרם אומתה עמידה מלאה בפרט זה; אין להסיק שמימוש בסיסי משלים אותו.
V3.0-L220,docs/enterprise-3.0-requirements.md,220,שלבי ההצטרפות,22. תנאי פוליסה.,NOT STARTED,,,טרם אומתה עמידה מלאה בפרט זה; אין להסיק שמימוש בסיסי משלים אותו.
V3.0-L221,docs/enterprise-3.0-requirements.md,221,שלבי ההצטרפות,23. לוח תשלומים.,NOT STARTED,,,טרם אומתה עמידה מלאה בפרט זה; אין להסיק שמימוש בסיסי משלים אותו.
V3.0-L222,docs/enterprise-3.0-requirements.md,222,שלבי ההצטרפות,24. חתימה מדומה.,IN PROGRESS,apps/api/src/documents.ts; apps/api/src/signing.ts; apps/web/src/components/enrollment-workspace.tsx,tests/enrollment-api.test.ts; tests/e2e/enrollment.spec.ts,מימוש פעיל; בדיקת דפדפן עדכנית בתהליך. הרחבות מסמכים נוספות נשארו פתוחות.
V3.0-L223,docs/enterprise-3.0-requirements.md,223,שלבי ההצטרפות,25. בדיקת שלמות.,NOT STARTED,,,טרם אומתה עמידה מלאה בפרט זה; אין להסיק שמימוש בסיסי משלים אותו.
V3.0-L224,docs/enterprise-3.0-requirements.md,224,שלבי ההצטרפות,26. אישור הפקה.,NOT STARTED,,,טרם אומתה עמידה מלאה בפרט זה; אין להסיק שמימוש בסיסי משלים אותו.
V3.0-L225,docs/enterprise-3.0-requirements.md,225,שלבי ההצטרפות,27. הפקת מסמכים.,NOT STARTED,,,טרם אומתה עמידה מלאה בפרט זה; אין להסיק שמימוש בסיסי משלים אותו.
V3.0-L226,docs/enterprise-3.0-requirements.md,226,שלבי ההצטרפות,28. הפעלת פוליסה.,NOT STARTED,,,טרם אומתה עמידה מלאה בפרט זה; אין להסיק שמימוש בסיסי משלים אותו.
V3.0-L228,docs/enterprise-3.0-requirements.md,228,שלבי ההצטרפות,"ניתן לאחד שלבים בממשק כאשר הדבר משפר שימושיות, אבל אסור לוותר על הלוגיקה העסקית.",NOT STARTED,,,טרם אומתה עמידה מלאה בפרט זה; אין להסיק שמימוש בסיסי משלים אותו.
V3.0-L234,docs/enterprise-3.0-requirements.md,234,הרחבת השאלונים,בנה קטלוג שאלונים מנוהל עם:,NOT STARTED,,,טרם אומתה עמידה מלאה בפרט זה; אין להסיק שמימוש בסיסי משלים אותו.
V3.0-L236,docs/enterprise-3.0-requirements.md,236,הרחבת השאלונים,- גרסאות.,NOT STARTED,,,טרם אומתה עמידה מלאה בפרט זה; אין להסיק שמימוש בסיסי משלים אותו.
V3.0-L237,docs/enterprise-3.0-requirements.md,237,הרחבת השאלונים,- שאלות מותנות.,NOT STARTED,,,טרם אומתה עמידה מלאה בפרט זה; אין להסיק שמימוש בסיסי משלים אותו.
V3.0-L238,docs/enterprise-3.0-requirements.md,238,הרחבת השאלונים,- שאלות לפי גיל.,NOT STARTED,,,טרם אומתה עמידה מלאה בפרט זה; אין להסיק שמימוש בסיסי משלים אותו.
V3.0-L239,docs/enterprise-3.0-requirements.md,239,הרחבת השאלונים,- שאלות לפי מין.,NOT STARTED,,,טרם אומתה עמידה מלאה בפרט זה; אין להסיק שמימוש בסיסי משלים אותו.
V3.0-L240,docs/enterprise-3.0-requirements.md,240,הרחבת השאלונים,- שאלות לפי סוג בעל חיים.,NOT STARTED,,,טרם אומתה עמידה מלאה בפרט זה; אין להסיק שמימוש בסיסי משלים אותו.
V3.0-L241,docs/enterprise-3.0-requirements.md,241,הרחבת השאלונים,- שאלות לפי גזע.,NOT STARTED,,,טרם אומתה עמידה מלאה בפרט זה; אין להסיק שמימוש בסיסי משלים אותו.
V3.0-L242,docs/enterprise-3.0-requirements.md,242,הרחבת השאלונים,- שאלות לפי תשובות קודמות.,NOT STARTED,,,טרם אומתה עמידה מלאה בפרט זה; אין להסיק שמימוש בסיסי משלים אותו.
V3.0-L243,docs/enterprise-3.0-requirements.md,243,הרחבת השאלונים,- שדות אבחנה.,NOT STARTED,,,טרם אומתה עמידה מלאה בפרט זה; אין להסיק שמימוש בסיסי משלים אותו.
V3.0-L244,docs/enterprise-3.0-requirements.md,244,הרחבת השאלונים,- תאריך אבחנה.,NOT STARTED,,,טרם אומתה עמידה מלאה בפרט זה; אין להסיק שמימוש בסיסי משלים אותו.
V3.0-L245,docs/enterprise-3.0-requirements.md,245,הרחבת השאלונים,- סוג טיפול.,NOT STARTED,,,טרם אומתה עמידה מלאה בפרט זה; אין להסיק שמימוש בסיסי משלים אותו.
V3.0-L246,docs/enterprise-3.0-requirements.md,246,הרחבת השאלונים,- תאריך טיפול.,NOT STARTED,,,טרם אומתה עמידה מלאה בפרט זה; אין להסיק שמימוש בסיסי משלים אותו.
V3.0-L247,docs/enterprise-3.0-requirements.md,247,הרחבת השאלונים,- תרופות.,NOT STARTED,,,טרם אומתה עמידה מלאה בפרט זה; אין להסיק שמימוש בסיסי משלים אותו.
V3.0-L248,docs/enterprise-3.0-requirements.md,248,הרחבת השאלונים,- תוצאות בדיקות.,NOT STARTED,,,טרם אומתה עמידה מלאה בפרט זה; אין להסיק שמימוש בסיסי משלים אותו.
V3.0-L249,docs/enterprise-3.0-requirements.md,249,הרחבת השאלונים,- מצב רפואי נוכחי.,NOT STARTED,,,טרם אומתה עמידה מלאה בפרט זה; אין להסיק שמימוש בסיסי משלים אותו.
V3.0-L250,docs/enterprise-3.0-requirements.md,250,הרחבת השאלונים,- טיפול עתידי צפוי.,NOT STARTED,,,טרם אומתה עמידה מלאה בפרט זה; אין להסיק שמימוש בסיסי משלים אותו.
V3.0-L251,docs/enterprise-3.0-requirements.md,251,הרחבת השאלונים,- דרישות מסמכים.,NOT STARTED,,,טרם אומתה עמידה מלאה בפרט זה; אין להסיק שמימוש בסיסי משלים אותו.
V3.0-L252,docs/enterprise-3.0-requirements.md,252,הרחבת השאלונים,- הפניה לחיתום.,NOT STARTED,,,טרם אומתה עמידה מלאה בפרט זה; אין להסיק שמימוש בסיסי משלים אותו.
V3.0-L254,docs/enterprise-3.0-requirements.md,254,הרחבת השאלונים,הוסף שאלונים עבור 20 מערכות הגוף שכבר הוגדרו באפיון.,NOT STARTED,,,טרם אומתה עמידה מלאה בפרט זה; אין להסיק שמימוש בסיסי משלים אותו.
V3.0-L256,docs/enterprise-3.0-requirements.md,256,הרחבת השאלונים,כל תשובה משמעותית חייבת להישמר כנתון מובנה ולא רק כטקסט חופשי.,NOT STARTED,,,טרם אומתה עמידה מלאה בפרט זה; אין להסיק שמימוש בסיסי משלים אותו.
V3.0-L262,docs/enterprise-3.0-requirements.md,262,7. מנוע חיתום רפואי מתקדם,בנה סביבת עבודה עצמאית לחתם.,NOT STARTED,,,טרם אומתה עמידה מלאה בפרט זה; אין להסיק שמימוש בסיסי משלים אותו.
V3.0-L266,docs/enterprise-3.0-requirements.md,266,תורי חיתום,- חדש.,NOT STARTED,,,טרם אומתה עמידה מלאה בפרט זה; אין להסיק שמימוש בסיסי משלים אותו.
V3.0-L267,docs/enterprise-3.0-requirements.md,267,תורי חיתום,- ממתין לבדיקה.,NOT STARTED,,,טרם אומתה עמידה מלאה בפרט זה; אין להסיק שמימוש בסיסי משלים אותו.
V3.0-L268,docs/enterprise-3.0-requirements.md,268,תורי חיתום,- חסרים מסמכים.,NOT STARTED,,,טרם אומתה עמידה מלאה בפרט זה; אין להסיק שמימוש בסיסי משלים אותו.
V3.0-L269,docs/enterprise-3.0-requirements.md,269,תורי חיתום,- בבדיקה רפואית.,NOT STARTED,,,טרם אומתה עמידה מלאה בפרט זה; אין להסיק שמימוש בסיסי משלים אותו.
V3.0-L270,docs/enterprise-3.0-requirements.md,270,תורי חיתום,- ממתין למנהל.,NOT STARTED,,,טרם אומתה עמידה מלאה בפרט זה; אין להסיק שמימוש בסיסי משלים אותו.
V3.0-L271,docs/enterprise-3.0-requirements.md,271,תורי חיתום,- נדרש מידע נוסף.,NOT STARTED,,,טרם אומתה עמידה מלאה בפרט זה; אין להסיק שמימוש בסיסי משלים אותו.
V3.0-L272,docs/enterprise-3.0-requirements.md,272,תורי חיתום,- מאושר.,NOT STARTED,,,טרם אומתה עמידה מלאה בפרט זה; אין להסיק שמימוש בסיסי משלים אותו.
V3.0-L273,docs/enterprise-3.0-requirements.md,273,תורי חיתום,- מאושר בתנאים.,NOT STARTED,,,טרם אומתה עמידה מלאה בפרט זה; אין להסיק שמימוש בסיסי משלים אותו.
V3.0-L274,docs/enterprise-3.0-requirements.md,274,תורי חיתום,- נדחה.,NOT STARTED,,,טרם אומתה עמידה מלאה בפרט זה; אין להסיק שמימוש בסיסי משלים אותו.
V3.0-L275,docs/enterprise-3.0-requirements.md,275,תורי חיתום,- הוחזר לתיקון.,NOT STARTED,,,טרם אומתה עמידה מלאה בפרט זה; אין להסיק שמימוש בסיסי משלים אותו.
V3.0-L281,docs/enterprise-3.0-requirements.md,281,תיק חיתום,- פרטי בקשה.,NOT STARTED,,,טרם אומתה עמידה מלאה בפרט זה; אין להסיק שמימוש בסיסי משלים אותו.
V3.0-L282,docs/enterprise-3.0-requirements.md,282,תיק חיתום,- בעל חיים.,NOT STARTED,,,טרם אומתה עמידה מלאה בפרט זה; אין להסיק שמימוש בסיסי משלים אותו.
V3.0-L283,docs/enterprise-3.0-requirements.md,283,תיק חיתום,- הצהרת בריאות.,NOT STARTED,,,טרם אומתה עמידה מלאה בפרט זה; אין להסיק שמימוש בסיסי משלים אותו.
V3.0-L284,docs/enterprise-3.0-requirements.md,284,תיק חיתום,- אבחנות.,NOT STARTED,,,טרם אומתה עמידה מלאה בפרט זה; אין להסיק שמימוש בסיסי משלים אותו.
V3.0-L285,docs/enterprise-3.0-requirements.md,285,תיק חיתום,- טיפולים.,NOT STARTED,,,טרם אומתה עמידה מלאה בפרט זה; אין להסיק שמימוש בסיסי משלים אותו.
V3.0-L286,docs/enterprise-3.0-requirements.md,286,תיק חיתום,- ניתוחים.,NOT STARTED,,,טרם אומתה עמידה מלאה בפרט זה; אין להסיק שמימוש בסיסי משלים אותו.
V3.0-L287,docs/enterprise-3.0-requirements.md,287,תיק חיתום,- מסמכים.,NOT STARTED,,,טרם אומתה עמידה מלאה בפרט זה; אין להסיק שמימוש בסיסי משלים אותו.
V3.0-L288,docs/enterprise-3.0-requirements.md,288,תיק חיתום,- תרופות.,NOT STARTED,,,טרם אומתה עמידה מלאה בפרט זה; אין להסיק שמימוש בסיסי משלים אותו.
V3.0-L289,docs/enterprise-3.0-requirements.md,289,תיק חיתום,- גורמי סיכון.,NOT STARTED,,,טרם אומתה עמידה מלאה בפרט זה; אין להסיק שמימוש בסיסי משלים אותו.
V3.0-L290,docs/enterprise-3.0-requirements.md,290,תיק חיתום,- החלטות קודמות.,NOT STARTED,,,טרם אומתה עמידה מלאה בפרט זה; אין להסיק שמימוש בסיסי משלים אותו.
V3.0-L291,docs/enterprise-3.0-requirements.md,291,תיק חיתום,- התראות.,NOT STARTED,,,טרם אומתה עמידה מלאה בפרט זה; אין להסיק שמימוש בסיסי משלים אותו.
V3.0-L292,docs/enterprise-3.0-requirements.md,292,תיק חיתום,- החרגות מוצעות.,NOT STARTED,,,טרם אומתה עמידה מלאה בפרט זה; אין להסיק שמימוש בסיסי משלים אותו.
V3.0-L293,docs/enterprise-3.0-requirements.md,293,תיק חיתום,- תנאים מיוחדים.,NOT STARTED,,,טרם אומתה עמידה מלאה בפרט זה; אין להסיק שמימוש בסיסי משלים אותו.
V3.0-L294,docs/enterprise-3.0-requirements.md,294,תיק חיתום,- נימוקים.,NOT STARTED,,,טרם אומתה עמידה מלאה בפרט זה; אין להסיק שמימוש בסיסי משלים אותו.
V3.0-L295,docs/enterprise-3.0-requirements.md,295,תיק חיתום,- היסטוריית טיפול.,NOT STARTED,,,טרם אומתה עמידה מלאה בפרט זה; אין להסיק שמימוש בסיסי משלים אותו.
V3.0-L299,docs/enterprise-3.0-requirements.md,299,מנוע החלטות,ממש:,NOT STARTED,,,טרם אומתה עמידה מלאה בפרט זה; אין להסיק שמימוש בסיסי משלים אותו.
V3.0-L301,docs/enterprise-3.0-requirements.md,301,מנוע החלטות,- אישור אוטומטי לפי כללים.,NOT STARTED,,,טרם אומתה עמידה מלאה בפרט זה; אין להסיק שמימוש בסיסי משלים אותו.
V3.0-L302,docs/enterprise-3.0-requirements.md,302,מנוע החלטות,- העברה לחתם.,NOT STARTED,,,טרם אומתה עמידה מלאה בפרט זה; אין להסיק שמימוש בסיסי משלים אותו.
V3.0-L303,docs/enterprise-3.0-requirements.md,303,מנוע החלטות,- בקשת מסמכים.,NOT STARTED,,,טרם אומתה עמידה מלאה בפרט זה; אין להסיק שמימוש בסיסי משלים אותו.
V3.0-L304,docs/enterprise-3.0-requirements.md,304,מנוע החלטות,- אישור מותנה.,NOT STARTED,,,טרם אומתה עמידה מלאה בפרט זה; אין להסיק שמימוש בסיסי משלים אותו.
V3.0-L305,docs/enterprise-3.0-requirements.md,305,מנוע החלטות,- החרגת אבחנה מסוימת.,NOT STARTED,,,טרם אומתה עמידה מלאה בפרט זה; אין להסיק שמימוש בסיסי משלים אותו.
V3.0-L306,docs/enterprise-3.0-requirements.md,306,מנוע החלטות,- החרגת איבר או מערכת.,NOT STARTED,,,טרם אומתה עמידה מלאה בפרט זה; אין להסיק שמימוש בסיסי משלים אותו.
V3.0-L307,docs/enterprise-3.0-requirements.md,307,מנוע החלטות,- החרגת טיפול מסוים.,NOT STARTED,,,טרם אומתה עמידה מלאה בפרט זה; אין להסיק שמימוש בסיסי משלים אותו.
V3.0-L308,docs/enterprise-3.0-requirements.md,308,מנוע החלטות,- דחייה מנומקת.,NOT STARTED,,,טרם אומתה עמידה מלאה בפרט זה; אין להסיק שמימוש בסיסי משלים אותו.
V3.0-L309,docs/enterprise-3.0-requirements.md,309,מנוע החלטות,- אישור מנהל.,NOT STARTED,,,טרם אומתה עמידה מלאה בפרט זה; אין להסיק שמימוש בסיסי משלים אותו.
V3.0-L310,docs/enterprise-3.0-requirements.md,310,מנוע החלטות,- פתיחה מחדש של בדיקה.,NOT STARTED,,,טרם אומתה עמידה מלאה בפרט זה; אין להסיק שמימוש בסיסי משלים אותו.
V3.0-L312,docs/enterprise-3.0-requirements.md,312,מנוע החלטות,"כל החרגה חייבת לכלול תחולה, תאריך, נימוק וקישור למקור ההחלטה.",NOT STARTED,,,טרם אומתה עמידה מלאה בפרט זה; אין להסיק שמימוש בסיסי משלים אותו.
V3.0-L314,docs/enterprise-3.0-requirements.md,314,מנוע החלטות,אין ליצור כללי חיתום רפואיים מומצאים ולהציגם ככללים מקצועיים מאומתים. השתמש בכללי סימולציה מוגדרים ומתועדים.,NOT STARTED,,,טרם אומתה עמידה מלאה בפרט זה; אין להסיק שמימוש בסיסי משלים אותו.
V3.0-L320,docs/enterprise-3.0-requirements.md,320,8. מנוע מוצרי ביטוח,בנה מערכת לניהול מוצרים ללא צורך בשינוי קוד לכל מסלול.,NOT STARTED,,,טרם אומתה עמידה מלאה בפרט זה; אין להסיק שמימוש בסיסי משלים אותו.
V3.0-L324,docs/enterprise-3.0-requirements.md,324,8. מנוע מוצרי ביטוח,- מזהה.,NOT STARTED,,,טרם אומתה עמידה מלאה בפרט זה; אין להסיק שמימוש בסיסי משלים אותו.
V3.0-L325,docs/enterprise-3.0-requirements.md,325,8. מנוע מוצרי ביטוח,- שם.,NOT STARTED,,,טרם אומתה עמידה מלאה בפרט זה; אין להסיק שמימוש בסיסי משלים אותו.
V3.0-L326,docs/enterprise-3.0-requirements.md,326,8. מנוע מוצרי ביטוח,- גרסה.,NOT STARTED,,,טרם אומתה עמידה מלאה בפרט זה; אין להסיק שמימוש בסיסי משלים אותו.
V3.0-L327,docs/enterprise-3.0-requirements.md,327,8. מנוע מוצרי ביטוח,- סטטוס.,NOT STARTED,,,טרם אומתה עמידה מלאה בפרט זה; אין להסיק שמימוש בסיסי משלים אותו.
V3.0-L328,docs/enterprise-3.0-requirements.md,328,8. מנוע מוצרי ביטוח,- תאריכי תחולה.,NOT STARTED,,,טרם אומתה עמידה מלאה בפרט זה; אין להסיק שמימוש בסיסי משלים אותו.
V3.0-L329,docs/enterprise-3.0-requirements.md,329,8. מנוע מוצרי ביטוח,- סוגי בעלי חיים.,NOT STARTED,,,טרם אומתה עמידה מלאה בפרט זה; אין להסיק שמימוש בסיסי משלים אותו.
V3.0-L330,docs/enterprise-3.0-requirements.md,330,8. מנוע מוצרי ביטוח,- גיל מינימלי ומקסימלי.,NOT STARTED,,,טרם אומתה עמידה מלאה בפרט זה; אין להסיק שמימוש בסיסי משלים אותו.
V3.0-L331,docs/enterprise-3.0-requirements.md,331,8. מנוע מוצרי ביטוח,- פרמיית בסיס.,NOT STARTED,,,טרם אומתה עמידה מלאה בפרט זה; אין להסיק שמימוש בסיסי משלים אותו.
V3.0-L332,docs/enterprise-3.0-requirements.md,332,8. מנוע מוצרי ביטוח,- כללי תמחור.,NOT STARTED,,,טרם אומתה עמידה מלאה בפרט זה; אין להסיק שמימוש בסיסי משלים אותו.
V3.0-L333,docs/enterprise-3.0-requirements.md,333,8. מנוע מוצרי ביטוח,- כיסויים.,NOT STARTED,,,טרם אומתה עמידה מלאה בפרט זה; אין להסיק שמימוש בסיסי משלים אותו.
V3.0-L334,docs/enterprise-3.0-requirements.md,334,8. מנוע מוצרי ביטוח,- תקרות.,NOT STARTED,,,טרם אומתה עמידה מלאה בפרט זה; אין להסיק שמימוש בסיסי משלים אותו.
V3.0-L335,docs/enterprise-3.0-requirements.md,335,8. מנוע מוצרי ביטוח,- תקרות משנה.,NOT STARTED,,,טרם אומתה עמידה מלאה בפרט זה; אין להסיק שמימוש בסיסי משלים אותו.
V3.0-L336,docs/enterprise-3.0-requirements.md,336,8. מנוע מוצרי ביטוח,- השתתפויות עצמיות.,NOT STARTED,,,טרם אומתה עמידה מלאה בפרט זה; אין להסיק שמימוש בסיסי משלים אותו.
V3.0-L337,docs/enterprise-3.0-requirements.md,337,8. מנוע מוצרי ביטוח,- שיעורי החזר.,NOT STARTED,,,טרם אומתה עמידה מלאה בפרט זה; אין להסיק שמימוש בסיסי משלים אותו.
V3.0-L338,docs/enterprise-3.0-requirements.md,338,8. מנוע מוצרי ביטוח,- תקופות אכשרה.,NOT STARTED,,,טרם אומתה עמידה מלאה בפרט זה; אין להסיק שמימוש בסיסי משלים אותו.
V3.0-L339,docs/enterprise-3.0-requirements.md,339,8. מנוע מוצרי ביטוח,- החרגות.,NOT STARTED,,,טרם אומתה עמידה מלאה בפרט זה; אין להסיק שמימוש בסיסי משלים אותו.
V3.0-L340,docs/enterprise-3.0-requirements.md,340,8. מנוע מוצרי ביטוח,- הרחבות.,NOT STARTED,,,טרם אומתה עמידה מלאה בפרט זה; אין להסיק שמימוש בסיסי משלים אותו.
V3.0-L341,docs/enterprise-3.0-requirements.md,341,8. מנוע מוצרי ביטוח,- דרישות מסמכים.,NOT STARTED,,,טרם אומתה עמידה מלאה בפרט זה; אין להסיק שמימוש בסיסי משלים אותו.
V3.0-L342,docs/enterprise-3.0-requirements.md,342,8. מנוע מוצרי ביטוח,- דרישות חיסונים.,NOT STARTED,,,טרם אומתה עמידה מלאה בפרט זה; אין להסיק שמימוש בסיסי משלים אותו.
V3.0-L343,docs/enterprise-3.0-requirements.md,343,8. מנוע מוצרי ביטוח,- כללי חידוש.,NOT STARTED,,,טרם אומתה עמידה מלאה בפרט זה; אין להסיק שמימוש בסיסי משלים אותו.
V3.0-L344,docs/enterprise-3.0-requirements.md,344,8. מנוע מוצרי ביטוח,- כללי ביטול.,NOT STARTED,,,טרם אומתה עמידה מלאה בפרט זה; אין להסיק שמימוש בסיסי משלים אותו.
V3.0-L345,docs/enterprise-3.0-requirements.md,345,8. מנוע מוצרי ביטוח,- כללי חיתום.,NOT STARTED,,,טרם אומתה עמידה מלאה בפרט זה; אין להסיק שמימוש בסיסי משלים אותו.
V3.0-L347,docs/enterprise-3.0-requirements.md,347,8. מנוע מוצרי ביטוח,"יש לתמוך בטיוטה, בדיקה, פרסום וארכוב גרסאות.",NOT STARTED,,,טרם אומתה עמידה מלאה בפרט זה; אין להסיק שמימוש בסיסי משלים אותו.
V3.0-L349,docs/enterprise-3.0-requirements.md,349,8. מנוע מוצרי ביטוח,אין לשנות גרסת מוצר שכבר פורסמה או לשנות רטרואקטיבית פוליסות שהופקו ממנה.,NOT STARTED,,,טרם אומתה עמידה מלאה בפרט זה; אין להסיק שמימוש בסיסי משלים אותו.
V3.0-L355,docs/enterprise-3.0-requirements.md,355,9. מנוע תמחור מתקדם,ממש מנוע חישוב מבוסס כללים הניתנים להגדרה.,NOT STARTED,,,טרם אומתה עמידה מלאה בפרט זה; אין להסיק שמימוש בסיסי משלים אותו.
V3.0-L359,docs/enterprise-3.0-requirements.md,359,9. מנוע תמחור מתקדם,- גיל בעל חיים.,NOT STARTED,,,טרם אומתה עמידה מלאה בפרט זה; אין להסיק שמימוש בסיסי משלים אותו.
V3.0-L360,docs/enterprise-3.0-requirements.md,360,9. מנוע תמחור מתקדם,- סוג.,NOT STARTED,,,טרם אומתה עמידה מלאה בפרט זה; אין להסיק שמימוש בסיסי משלים אותו.
V3.0-L361,docs/enterprise-3.0-requirements.md,361,9. מנוע תמחור מתקדם,- גזע.,NOT STARTED,,,טרם אומתה עמידה מלאה בפרט זה; אין להסיק שמימוש בסיסי משלים אותו.
V3.0-L362,docs/enterprise-3.0-requirements.md,362,9. מנוע תמחור מתקדם,- מוצר.,NOT STARTED,,,טרם אומתה עמידה מלאה בפרט זה; אין להסיק שמימוש בסיסי משלים אותו.
V3.0-L363,docs/enterprise-3.0-requirements.md,363,9. מנוע תמחור מתקדם,- הרחבות.,NOT STARTED,,,טרם אומתה עמידה מלאה בפרט זה; אין להסיק שמימוש בסיסי משלים אותו.
V3.0-L364,docs/enterprise-3.0-requirements.md,364,9. מנוע תמחור מתקדם,- תקרה.,NOT STARTED,,,טרם אומתה עמידה מלאה בפרט זה; אין להסיק שמימוש בסיסי משלים אותו.
V3.0-L365,docs/enterprise-3.0-requirements.md,365,9. מנוע תמחור מתקדם,- השתתפות עצמית.,NOT STARTED,,,טרם אומתה עמידה מלאה בפרט זה; אין להסיק שמימוש בסיסי משלים אותו.
V3.0-L366,docs/enterprise-3.0-requirements.md,366,9. מנוע תמחור מתקדם,- תקופת כיסוי.,NOT STARTED,,,טרם אומתה עמידה מלאה בפרט זה; אין להסיק שמימוש בסיסי משלים אותו.
V3.0-L367,docs/enterprise-3.0-requirements.md,367,9. מנוע תמחור מתקדם,- הנחות.,NOT STARTED,,,טרם אומתה עמידה מלאה בפרט זה; אין להסיק שמימוש בסיסי משלים אותו.
V3.0-L368,docs/enterprise-3.0-requirements.md,368,9. מנוע תמחור מתקדם,- התאמות מאושרות.,NOT STARTED,,,טרם אומתה עמידה מלאה בפרט זה; אין להסיק שמימוש בסיסי משלים אותו.
V3.0-L369,docs/enterprise-3.0-requirements.md,369,9. מנוע תמחור מתקדם,- פרמיית בסיס.,NOT STARTED,,,טרם אומתה עמידה מלאה בפרט זה; אין להסיק שמימוש בסיסי משלים אותו.
V3.0-L371,docs/enterprise-3.0-requirements.md,371,9. מנוע תמחור מתקדם,"כל חישוב חייב להציג פירוט, גרסת כלל, ערכי קלט, סכום סופי והיסטוריה.",NOT STARTED,,,טרם אומתה עמידה מלאה בפרט זה; אין להסיק שמימוש בסיסי משלים אותו.
V3.0-L373,docs/enterprise-3.0-requirements.md,373,9. מנוע תמחור מתקדם,"יש להבחין בין הצעת מחיר, פרמיה מאושרת, חיוב וגבייה בפועל.",NOT STARTED,,,טרם אומתה עמידה מלאה בפרט זה; אין להסיק שמימוש בסיסי משלים אותו.
V3.0-L383,docs/enterprise-3.0-requirements.md,383,נתוני פוליסה,- מספר פוליסה.,NOT STARTED,,,טרם אומתה עמידה מלאה בפרט זה; אין להסיק שמימוש בסיסי משלים אותו.
V3.0-L384,docs/enterprise-3.0-requirements.md,384,נתוני פוליסה,- לקוח.,NOT STARTED,,,טרם אומתה עמידה מלאה בפרט זה; אין להסיק שמימוש בסיסי משלים אותו.
V3.0-L385,docs/enterprise-3.0-requirements.md,385,נתוני פוליסה,- בעל חיים.,NOT STARTED,,,טרם אומתה עמידה מלאה בפרט זה; אין להסיק שמימוש בסיסי משלים אותו.
V3.0-L386,docs/enterprise-3.0-requirements.md,386,נתוני פוליסה,- מוצר.,NOT STARTED,,,טרם אומתה עמידה מלאה בפרט זה; אין להסיק שמימוש בסיסי משלים אותו.
V3.0-L387,docs/enterprise-3.0-requirements.md,387,נתוני פוליסה,- גרסת מוצר.,NOT STARTED,,,טרם אומתה עמידה מלאה בפרט זה; אין להסיק שמימוש בסיסי משלים אותו.
V3.0-L388,docs/enterprise-3.0-requirements.md,388,נתוני פוליסה,- תחילת כיסוי.,NOT STARTED,,,טרם אומתה עמידה מלאה בפרט זה; אין להסיק שמימוש בסיסי משלים אותו.
V3.0-L389,docs/enterprise-3.0-requirements.md,389,נתוני פוליסה,- סיום כיסוי.,NOT STARTED,,,טרם אומתה עמידה מלאה בפרט זה; אין להסיק שמימוש בסיסי משלים אותו.
V3.0-L390,docs/enterprise-3.0-requirements.md,390,נתוני פוליסה,- סטטוס.,NOT STARTED,,,טרם אומתה עמידה מלאה בפרט זה; אין להסיק שמימוש בסיסי משלים אותו.
V3.0-L391,docs/enterprise-3.0-requirements.md,391,נתוני פוליסה,- פרמיה.,NOT STARTED,,,טרם אומתה עמידה מלאה בפרט זה; אין להסיק שמימוש בסיסי משלים אותו.
V3.0-L392,docs/enterprise-3.0-requirements.md,392,נתוני פוליסה,- כיסויים.,NOT STARTED,,,טרם אומתה עמידה מלאה בפרט זה; אין להסיק שמימוש בסיסי משלים אותו.
V3.0-L393,docs/enterprise-3.0-requirements.md,393,נתוני פוליסה,- הרחבות.,NOT STARTED,,,טרם אומתה עמידה מלאה בפרט זה; אין להסיק שמימוש בסיסי משלים אותו.
V3.0-L394,docs/enterprise-3.0-requirements.md,394,נתוני פוליסה,- החרגות.,NOT STARTED,,,טרם אומתה עמידה מלאה בפרט זה; אין להסיק שמימוש בסיסי משלים אותו.
V3.0-L395,docs/enterprise-3.0-requirements.md,395,נתוני פוליסה,- תקרות.,NOT STARTED,,,טרם אומתה עמידה מלאה בפרט זה; אין להסיק שמימוש בסיסי משלים אותו.
V3.0-L396,docs/enterprise-3.0-requirements.md,396,נתוני פוליסה,- יתרות.,NOT STARTED,,,טרם אומתה עמידה מלאה בפרט זה; אין להסיק שמימוש בסיסי משלים אותו.
V3.0-L397,docs/enterprise-3.0-requirements.md,397,נתוני פוליסה,- חיובים.,NOT STARTED,,,טרם אומתה עמידה מלאה בפרט זה; אין להסיק שמימוש בסיסי משלים אותו.
V3.0-L398,docs/enterprise-3.0-requirements.md,398,נתוני פוליסה,- תשלומים.,NOT STARTED,,,טרם אומתה עמידה מלאה בפרט זה; אין להסיק שמימוש בסיסי משלים אותו.
V3.0-L399,docs/enterprise-3.0-requirements.md,399,נתוני פוליסה,- מסמכים.,NOT STARTED,,,טרם אומתה עמידה מלאה בפרט זה; אין להסיק שמימוש בסיסי משלים אותו.
V3.0-L400,docs/enterprise-3.0-requirements.md,400,נתוני פוליסה,- תביעות.,NOT STARTED,,,טרם אומתה עמידה מלאה בפרט זה; אין להסיק שמימוש בסיסי משלים אותו.
V3.0-L401,docs/enterprise-3.0-requirements.md,401,נתוני פוליסה,- התחייבויות.,NOT STARTED,,,טרם אומתה עמידה מלאה בפרט זה; אין להסיק שמימוש בסיסי משלים אותו.
V3.0-L402,docs/enterprise-3.0-requirements.md,402,נתוני פוליסה,- חידושים.,NOT STARTED,,,טרם אומתה עמידה מלאה בפרט זה; אין להסיק שמימוש בסיסי משלים אותו.
V3.0-L403,docs/enterprise-3.0-requirements.md,403,נתוני פוליסה,- שינויים.,NOT STARTED,,,טרם אומתה עמידה מלאה בפרט זה; אין להסיק שמימוש בסיסי משלים אותו.
V3.0-L404,docs/enterprise-3.0-requirements.md,404,נתוני פוליסה,- היסטוריה.,NOT STARTED,,,טרם אומתה עמידה מלאה בפרט זה; אין להסיק שמימוש בסיסי משלים אותו.
V3.0-L408,docs/enterprise-3.0-requirements.md,408,תהליכי פוליסה,ממש אשפים מלאים עבור:,NOT STARTED,,,טרם אומתה עמידה מלאה בפרט זה; אין להסיק שמימוש בסיסי משלים אותו.
V3.0-L410,docs/enterprise-3.0-requirements.md,410,תהליכי פוליסה,1. שינוי כתובת.,NOT STARTED,,,טרם אומתה עמידה מלאה בפרט זה; אין להסיק שמימוש בסיסי משלים אותו.
V3.0-L411,docs/enterprise-3.0-requirements.md,411,תהליכי פוליסה,2. שינוי טלפון.,NOT STARTED,,,טרם אומתה עמידה מלאה בפרט זה; אין להסיק שמימוש בסיסי משלים אותו.
V3.0-L412,docs/enterprise-3.0-requirements.md,412,תהליכי פוליסה,"3. שינוי דוא""ל.",NOT STARTED,,,טרם אומתה עמידה מלאה בפרט זה; אין להסיק שמימוש בסיסי משלים אותו.
V3.0-L413,docs/enterprise-3.0-requirements.md,413,תהליכי פוליסה,4. תיקון שם בעל חיים.,NOT STARTED,,,טרם אומתה עמידה מלאה בפרט זה; אין להסיק שמימוש בסיסי משלים אותו.
V3.0-L414,docs/enterprise-3.0-requirements.md,414,תהליכי פוליסה,5. שינוי מספר שבב.,NOT STARTED,,,טרם אומתה עמידה מלאה בפרט זה; אין להסיק שמימוש בסיסי משלים אותו.
V3.0-L415,docs/enterprise-3.0-requirements.md,415,תהליכי פוליסה,6. תיקון תאריך לידה.,NOT STARTED,,,טרם אומתה עמידה מלאה בפרט זה; אין להסיק שמימוש בסיסי משלים אותו.
V3.0-L416,docs/enterprise-3.0-requirements.md,416,תהליכי פוליסה,7. עדכון מצב רפואי.,NOT STARTED,,,טרם אומתה עמידה מלאה בפרט זה; אין להסיק שמימוש בסיסי משלים אותו.
V3.0-L417,docs/enterprise-3.0-requirements.md,417,תהליכי פוליסה,8. שינוי מסלול.,NOT STARTED,,,טרם אומתה עמידה מלאה בפרט זה; אין להסיק שמימוש בסיסי משלים אותו.
V3.0-L418,docs/enterprise-3.0-requirements.md,418,תהליכי פוליסה,9. הוספת הרחבה.,NOT STARTED,,,טרם אומתה עמידה מלאה בפרט זה; אין להסיק שמימוש בסיסי משלים אותו.
V3.0-L419,docs/enterprise-3.0-requirements.md,419,תהליכי פוליסה,10. הסרת הרחבה.,NOT STARTED,,,טרם אומתה עמידה מלאה בפרט זה; אין להסיק שמימוש בסיסי משלים אותו.
V3.0-L420,docs/enterprise-3.0-requirements.md,420,תהליכי פוליסה,11. שינוי השתתפות עצמית.,NOT STARTED,,,טרם אומתה עמידה מלאה בפרט זה; אין להסיק שמימוש בסיסי משלים אותו.
V3.0-L421,docs/enterprise-3.0-requirements.md,421,תהליכי פוליסה,12. שינוי תקרה.,NOT STARTED,,,טרם אומתה עמידה מלאה בפרט זה; אין להסיק שמימוש בסיסי משלים אותו.
V3.0-L422,docs/enterprise-3.0-requirements.md,422,תהליכי פוליסה,13. שינוי תדירות חיוב.,NOT STARTED,,,טרם אומתה עמידה מלאה בפרט זה; אין להסיק שמימוש בסיסי משלים אותו.
V3.0-L423,docs/enterprise-3.0-requirements.md,423,תהליכי פוליסה,14. שינוי אמצעי תשלום מדומה.,NOT STARTED,,,טרם אומתה עמידה מלאה בפרט זה; אין להסיק שמימוש בסיסי משלים אותו.
V3.0-L424,docs/enterprise-3.0-requirements.md,424,תהליכי פוליסה,15. חידוש.,NOT STARTED,,,טרם אומתה עמידה מלאה בפרט זה; אין להסיק שמימוש בסיסי משלים אותו.
V3.0-L425,docs/enterprise-3.0-requirements.md,425,תהליכי פוליסה,16. אי־חידוש.,NOT STARTED,,,טרם אומתה עמידה מלאה בפרט זה; אין להסיק שמימוש בסיסי משלים אותו.
V3.0-L426,docs/enterprise-3.0-requirements.md,426,תהליכי פוליסה,17. ביטול מיידי.,NOT STARTED,,,טרם אומתה עמידה מלאה בפרט זה; אין להסיק שמימוש בסיסי משלים אותו.
V3.0-L427,docs/enterprise-3.0-requirements.md,427,תהליכי פוליסה,18. ביטול עתידי.,NOT STARTED,,,טרם אומתה עמידה מלאה בפרט זה; אין להסיק שמימוש בסיסי משלים אותו.
V3.0-L428,docs/enterprise-3.0-requirements.md,428,תהליכי פוליסה,19. ביטול רטרואקטיבי בכפוף לאישור.,NOT STARTED,,,טרם אומתה עמידה מלאה בפרט זה; אין להסיק שמימוש בסיסי משלים אותו.
V3.0-L429,docs/enterprise-3.0-requirements.md,429,תהליכי פוליסה,20. ביטול בקשת ביטול.,NOT STARTED,,,טרם אומתה עמידה מלאה בפרט זה; אין להסיק שמימוש בסיסי משלים אותו.
V3.0-L430,docs/enterprise-3.0-requirements.md,430,תהליכי פוליסה,21. השעיה.,NOT STARTED,,,טרם אומתה עמידה מלאה בפרט זה; אין להסיק שמימוש בסיסי משלים אותו.
V3.0-L431,docs/enterprise-3.0-requirements.md,431,תהליכי פוליסה,22. הפעלה מחדש.,NOT STARTED,,,טרם אומתה עמידה מלאה בפרט זה; אין להסיק שמימוש בסיסי משלים אותו.
V3.0-L432,docs/enterprise-3.0-requirements.md,432,תהליכי פוליסה,23. הפקת נספח.,NOT STARTED,,,טרם אומתה עמידה מלאה בפרט זה; אין להסיק שמימוש בסיסי משלים אותו.
V3.0-L433,docs/enterprise-3.0-requirements.md,433,תהליכי פוליסה,24. הפקת אישור ביטוח.,NOT STARTED,,,טרם אומתה עמידה מלאה בפרט זה; אין להסיק שמימוש בסיסי משלים אותו.
V3.0-L434,docs/enterprise-3.0-requirements.md,434,תהליכי פוליסה,25. תיקון פרטי פוליסה.,NOT STARTED,,,טרם אומתה עמידה מלאה בפרט זה; אין להסיק שמימוש בסיסי משלים אותו.
V3.0-L435,docs/enterprise-3.0-requirements.md,435,תהליכי פוליסה,26. העברת בקשה לחיתום.,NOT STARTED,,,טרם אומתה עמידה מלאה בפרט זה; אין להסיק שמימוש בסיסי משלים אותו.
V3.0-L436,docs/enterprise-3.0-requirements.md,436,תהליכי פוליסה,27. בקשת חריגה.,NOT STARTED,,,טרם אומתה עמידה מלאה בפרט זה; אין להסיק שמימוש בסיסי משלים אותו.
V3.0-L437,docs/enterprise-3.0-requirements.md,437,תהליכי פוליסה,28. אישור חריגה.,NOT STARTED,,,טרם אומתה עמידה מלאה בפרט זה; אין להסיק שמימוש בסיסי משלים אותו.
V3.0-L438,docs/enterprise-3.0-requirements.md,438,תהליכי פוליסה,29. חישוב הפרשי פרמיה.,NOT STARTED,,,טרם אומתה עמידה מלאה בפרט זה; אין להסיק שמימוש בסיסי משלים אותו.
V3.0-L439,docs/enterprise-3.0-requirements.md,439,תהליכי פוליסה,30. צפייה בהיסטוריית גרסאות.,NOT STARTED,,,טרם אומתה עמידה מלאה בפרט זה; אין להסיק שמימוש בסיסי משלים אותו.
V3.0-L441,docs/enterprise-3.0-requirements.md,441,תהליכי פוליסה,"כל שינוי יבוצע לפי תאריך תחולה, עם בקרות, השפעה פיננסית וגרסאות מסמכים.",NOT STARTED,,,טרם אומתה עמידה מלאה בפרט זה; אין להסיק שמימוש בסיסי משלים אותו.
V3.0-L451,docs/enterprise-3.0-requirements.md,451,אשף פתיחת תביעה,ממש תהליך מלא הכולל:,NOT STARTED,,,טרם אומתה עמידה מלאה בפרט זה; אין להסיק שמימוש בסיסי משלים אותו.
V3.0-L453,docs/enterprise-3.0-requirements.md,453,אשף פתיחת תביעה,1. איתור לקוח.,NOT STARTED,,,טרם אומתה עמידה מלאה בפרט זה; אין להסיק שמימוש בסיסי משלים אותו.
V3.0-L454,docs/enterprise-3.0-requirements.md,454,אשף פתיחת תביעה,2. בחירת פוליסה.,NOT STARTED,,,טרם אומתה עמידה מלאה בפרט זה; אין להסיק שמימוש בסיסי משלים אותו.
V3.0-L455,docs/enterprise-3.0-requirements.md,455,אשף פתיחת תביעה,3. בדיקת זכאות.,NOT STARTED,,,טרם אומתה עמידה מלאה בפרט זה; אין להסיק שמימוש בסיסי משלים אותו.
V3.0-L456,docs/enterprise-3.0-requirements.md,456,אשף פתיחת תביעה,4. זיהוי בעל חיים.,NOT STARTED,,,טרם אומתה עמידה מלאה בפרט זה; אין להסיק שמימוש בסיסי משלים אותו.
V3.0-L457,docs/enterprise-3.0-requirements.md,457,אשף פתיחת תביעה,5. סוג אירוע.,NOT STARTED,,,טרם אומתה עמידה מלאה בפרט זה; אין להסיק שמימוש בסיסי משלים אותו.
V3.0-L458,docs/enterprise-3.0-requirements.md,458,אשף פתיחת תביעה,6. תאריך אירוע.,NOT STARTED,,,טרם אומתה עמידה מלאה בפרט זה; אין להסיק שמימוש בסיסי משלים אותו.
V3.0-L459,docs/enterprise-3.0-requirements.md,459,אשף פתיחת תביעה,7. תיאור אירוע.,NOT STARTED,,,טרם אומתה עמידה מלאה בפרט זה; אין להסיק שמימוש בסיסי משלים אותו.
V3.0-L460,docs/enterprise-3.0-requirements.md,460,אשף פתיחת תביעה,8. פרטי מרפאה.,NOT STARTED,,,טרם אומתה עמידה מלאה בפרט זה; אין להסיק שמימוש בסיסי משלים אותו.
V3.0-L461,docs/enterprise-3.0-requirements.md,461,אשף פתיחת תביעה,9. פרטי וטרינר.,NOT STARTED,,,טרם אומתה עמידה מלאה בפרט זה; אין להסיק שמימוש בסיסי משלים אותו.
V3.0-L462,docs/enterprise-3.0-requirements.md,462,אשף פתיחת תביעה,10. אבחנה רפואית.,NOT STARTED,,,טרם אומתה עמידה מלאה בפרט זה; אין להסיק שמימוש בסיסי משלים אותו.
V3.0-L463,docs/enterprise-3.0-requirements.md,463,אשף פתיחת תביעה,11. קוד אבחנה פנימי.,NOT STARTED,,,טרם אומתה עמידה מלאה בפרט זה; אין להסיק שמימוש בסיסי משלים אותו.
V3.0-L464,docs/enterprise-3.0-requirements.md,464,אשף פתיחת תביעה,12. טיפולים.,NOT STARTED,,,טרם אומתה עמידה מלאה בפרט זה; אין להסיק שמימוש בסיסי משלים אותו.
V3.0-L465,docs/enterprise-3.0-requirements.md,465,אשף פתיחת תביעה,13. ניתוחים.,NOT STARTED,,,טרם אומתה עמידה מלאה בפרט זה; אין להסיק שמימוש בסיסי משלים אותו.
V3.0-L466,docs/enterprise-3.0-requirements.md,466,אשף פתיחת תביעה,14. תרופות.,NOT STARTED,,,טרם אומתה עמידה מלאה בפרט זה; אין להסיק שמימוש בסיסי משלים אותו.
V3.0-L467,docs/enterprise-3.0-requirements.md,467,אשף פתיחת תביעה,15. אשפוזים.,NOT STARTED,,,טרם אומתה עמידה מלאה בפרט זה; אין להסיק שמימוש בסיסי משלים אותו.
V3.0-L468,docs/enterprise-3.0-requirements.md,468,אשף פתיחת תביעה,16. בדיקות.,NOT STARTED,,,טרם אומתה עמידה מלאה בפרט זה; אין להסיק שמימוש בסיסי משלים אותו.
V3.0-L469,docs/enterprise-3.0-requirements.md,469,אשף פתיחת תביעה,17. חשבוניות.,NOT STARTED,,,טרם אומתה עמידה מלאה בפרט זה; אין להסיק שמימוש בסיסי משלים אותו.
V3.0-L470,docs/enterprise-3.0-requirements.md,470,אשף פתיחת תביעה,18. קבלות.,NOT STARTED,,,טרם אומתה עמידה מלאה בפרט זה; אין להסיק שמימוש בסיסי משלים אותו.
V3.0-L471,docs/enterprise-3.0-requirements.md,471,אשף פתיחת תביעה,19. מסמכים רפואיים.,NOT STARTED,,,טרם אומתה עמידה מלאה בפרט זה; אין להסיק שמימוש בסיסי משלים אותו.
V3.0-L472,docs/enterprise-3.0-requirements.md,472,אשף פתיחת תביעה,20. פירוט הוצאות.,NOT STARTED,,,טרם אומתה עמידה מלאה בפרט זה; אין להסיק שמימוש בסיסי משלים אותו.
V3.0-L473,docs/enterprise-3.0-requirements.md,473,אשף פתיחת תביעה,21. פרטי מקבל תשלום מדומים.,NOT STARTED,,,טרם אומתה עמידה מלאה בפרט זה; אין להסיק שמימוש בסיסי משלים אותו.
V3.0-L474,docs/enterprise-3.0-requirements.md,474,אשף פתיחת תביעה,22. הצהרות.,NOT STARTED,,,טרם אומתה עמידה מלאה בפרט זה; אין להסיק שמימוש בסיסי משלים אותו.
V3.0-L475,docs/enterprise-3.0-requirements.md,475,אשף פתיחת תביעה,23. בדיקת שלמות.,NOT STARTED,,,טרם אומתה עמידה מלאה בפרט זה; אין להסיק שמימוש בסיסי משלים אותו.
V3.0-L476,docs/enterprise-3.0-requirements.md,476,אשף פתיחת תביעה,24. הגשה.,NOT STARTED,,,טרם אומתה עמידה מלאה בפרט זה; אין להסיק שמימוש בסיסי משלים אותו.
V3.0-L482,docs/enterprise-3.0-requirements.md,482,תיק תביעה,- סקירה.,NOT STARTED,,,טרם אומתה עמידה מלאה בפרט זה; אין להסיק שמימוש בסיסי משלים אותו.
V3.0-L483,docs/enterprise-3.0-requirements.md,483,תיק תביעה,- אירוע.,NOT STARTED,,,טרם אומתה עמידה מלאה בפרט זה; אין להסיק שמימוש בסיסי משלים אותו.
V3.0-L484,docs/enterprise-3.0-requirements.md,484,תיק תביעה,- אבחנות.,NOT STARTED,,,טרם אומתה עמידה מלאה בפרט זה; אין להסיק שמימוש בסיסי משלים אותו.
V3.0-L485,docs/enterprise-3.0-requirements.md,485,תיק תביעה,- טיפולים.,NOT STARTED,,,טרם אומתה עמידה מלאה בפרט זה; אין להסיק שמימוש בסיסי משלים אותו.
V3.0-L486,docs/enterprise-3.0-requirements.md,486,תיק תביעה,- הוצאות.,NOT STARTED,,,טרם אומתה עמידה מלאה בפרט זה; אין להסיק שמימוש בסיסי משלים אותו.
V3.0-L487,docs/enterprise-3.0-requirements.md,487,תיק תביעה,- חשבוניות.,NOT STARTED,,,טרם אומתה עמידה מלאה בפרט זה; אין להסיק שמימוש בסיסי משלים אותו.
V3.0-L488,docs/enterprise-3.0-requirements.md,488,תיק תביעה,- מסמכים.,NOT STARTED,,,טרם אומתה עמידה מלאה בפרט זה; אין להסיק שמימוש בסיסי משלים אותו.
V3.0-L489,docs/enterprise-3.0-requirements.md,489,תיק תביעה,- בדיקת כיסוי.,NOT STARTED,,,טרם אומתה עמידה מלאה בפרט זה; אין להסיק שמימוש בסיסי משלים אותו.
V3.0-L490,docs/enterprise-3.0-requirements.md,490,תיק תביעה,- חישוב.,NOT STARTED,,,טרם אומתה עמידה מלאה בפרט זה; אין להסיק שמימוש בסיסי משלים אותו.
V3.0-L491,docs/enterprise-3.0-requirements.md,491,תיק תביעה,- החלטות.,NOT STARTED,,,טרם אומתה עמידה מלאה בפרט זה; אין להסיק שמימוש בסיסי משלים אותו.
V3.0-L492,docs/enterprise-3.0-requirements.md,492,תיק תביעה,- תשלומים.,NOT STARTED,,,טרם אומתה עמידה מלאה בפרט זה; אין להסיק שמימוש בסיסי משלים אותו.
V3.0-L493,docs/enterprise-3.0-requirements.md,493,תיק תביעה,- ערעורים.,NOT STARTED,,,טרם אומתה עמידה מלאה בפרט זה; אין להסיק שמימוש בסיסי משלים אותו.
V3.0-L494,docs/enterprise-3.0-requirements.md,494,תיק תביעה,- פניות.,NOT STARTED,,,טרם אומתה עמידה מלאה בפרט זה; אין להסיק שמימוש בסיסי משלים אותו.
V3.0-L495,docs/enterprise-3.0-requirements.md,495,תיק תביעה,- היסטוריה.,NOT STARTED,,,טרם אומתה עמידה מלאה בפרט זה; אין להסיק שמימוש בסיסי משלים אותו.
V3.0-L501,docs/enterprise-3.0-requirements.md,501,מנוע כיסוי,- תוקף פוליסה.,NOT STARTED,,,טרם אומתה עמידה מלאה בפרט זה; אין להסיק שמימוש בסיסי משלים אותו.
V3.0-L502,docs/enterprise-3.0-requirements.md,502,מנוע כיסוי,- תקופת אכשרה.,NOT STARTED,,,טרם אומתה עמידה מלאה בפרט זה; אין להסיק שמימוש בסיסי משלים אותו.
V3.0-L503,docs/enterprise-3.0-requirements.md,503,מנוע כיסוי,- החרגות.,NOT STARTED,,,טרם אומתה עמידה מלאה בפרט זה; אין להסיק שמימוש בסיסי משלים אותו.
V3.0-L504,docs/enterprise-3.0-requirements.md,504,מנוע כיסוי,- תקרת כיסוי.,NOT STARTED,,,טרם אומתה עמידה מלאה בפרט זה; אין להסיק שמימוש בסיסי משלים אותו.
V3.0-L505,docs/enterprise-3.0-requirements.md,505,מנוע כיסוי,- תקרות משנה.,NOT STARTED,,,טרם אומתה עמידה מלאה בפרט זה; אין להסיק שמימוש בסיסי משלים אותו.
V3.0-L506,docs/enterprise-3.0-requirements.md,506,מנוע כיסוי,- השתתפות עצמית.,NOT STARTED,,,טרם אומתה עמידה מלאה בפרט זה; אין להסיק שמימוש בסיסי משלים אותו.
V3.0-L507,docs/enterprise-3.0-requirements.md,507,מנוע כיסוי,- שיעור החזר.,NOT STARTED,,,טרם אומתה עמידה מלאה בפרט זה; אין להסיק שמימוש בסיסי משלים אותו.
V3.0-L508,docs/enterprise-3.0-requirements.md,508,מנוע כיסוי,- מגבלות כמות.,NOT STARTED,,,טרם אומתה עמידה מלאה בפרט זה; אין להסיק שמימוש בסיסי משלים אותו.
V3.0-L509,docs/enterprise-3.0-requirements.md,509,מנוע כיסוי,- תביעות קודמות.,NOT STARTED,,,טרם אומתה עמידה מלאה בפרט זה; אין להסיק שמימוש בסיסי משלים אותו.
V3.0-L510,docs/enterprise-3.0-requirements.md,510,מנוע כיסוי,- שריונים.,NOT STARTED,,,טרם אומתה עמידה מלאה בפרט זה; אין להסיק שמימוש בסיסי משלים אותו.
V3.0-L511,docs/enterprise-3.0-requirements.md,511,מנוע כיסוי,- סכומים ששולמו.,NOT STARTED,,,טרם אומתה עמידה מלאה בפרט זה; אין להסיק שמימוש בסיסי משלים אותו.
V3.0-L512,docs/enterprise-3.0-requirements.md,512,מנוע כיסוי,- כפל דרישה.,NOT STARTED,,,טרם אומתה עמידה מלאה בפרט זה; אין להסיק שמימוש בסיסי משלים אותו.
V3.0-L513,docs/enterprise-3.0-requirements.md,513,מנוע כיסוי,- התאמת טיפול לכיסוי.,NOT STARTED,,,טרם אומתה עמידה מלאה בפרט זה; אין להסיק שמימוש בסיסי משלים אותו.
V3.0-L515,docs/enterprise-3.0-requirements.md,515,מנוע כיסוי,הצג הסבר לכל שורת תביעה.,NOT STARTED,,,טרם אומתה עמידה מלאה בפרט זה; אין להסיק שמימוש בסיסי משלים אותו.
V3.0-L519,docs/enterprise-3.0-requirements.md,519,החלטות,ממש:,NOT STARTED,,,טרם אומתה עמידה מלאה בפרט זה; אין להסיק שמימוש בסיסי משלים אותו.
V3.0-L521,docs/enterprise-3.0-requirements.md,521,החלטות,- אישור מלא.,NOT STARTED,,,טרם אומתה עמידה מלאה בפרט זה; אין להסיק שמימוש בסיסי משלים אותו.
V3.0-L522,docs/enterprise-3.0-requirements.md,522,החלטות,- אישור חלקי.,NOT STARTED,,,טרם אומתה עמידה מלאה בפרט זה; אין להסיק שמימוש בסיסי משלים אותו.
V3.0-L523,docs/enterprise-3.0-requirements.md,523,החלטות,- דחייה.,NOT STARTED,,,טרם אומתה עמידה מלאה בפרט זה; אין להסיק שמימוש בסיסי משלים אותו.
V3.0-L524,docs/enterprise-3.0-requirements.md,524,החלטות,- בקשת השלמה.,NOT STARTED,,,טרם אומתה עמידה מלאה בפרט זה; אין להסיק שמימוש בסיסי משלים אותו.
V3.0-L525,docs/enterprise-3.0-requirements.md,525,החלטות,- בדיקה רפואית.,NOT STARTED,,,טרם אומתה עמידה מלאה בפרט זה; אין להסיק שמימוש בסיסי משלים אותו.
V3.0-L526,docs/enterprise-3.0-requirements.md,526,החלטות,- העברה לחתם.,NOT STARTED,,,טרם אומתה עמידה מלאה בפרט זה; אין להסיק שמימוש בסיסי משלים אותו.
V3.0-L527,docs/enterprise-3.0-requirements.md,527,החלטות,- העברה למנהל.,NOT STARTED,,,טרם אומתה עמידה מלאה בפרט זה; אין להסיק שמימוש בסיסי משלים אותו.
V3.0-L528,docs/enterprise-3.0-requirements.md,528,החלטות,- שינוי החלטה.,NOT STARTED,,,טרם אומתה עמידה מלאה בפרט זה; אין להסיק שמימוש בסיסי משלים אותו.
V3.0-L529,docs/enterprise-3.0-requirements.md,529,החלטות,- ערעור.,NOT STARTED,,,טרם אומתה עמידה מלאה בפרט זה; אין להסיק שמימוש בסיסי משלים אותו.
V3.0-L530,docs/enterprise-3.0-requirements.md,530,החלטות,- פתיחה מחדש.,NOT STARTED,,,טרם אומתה עמידה מלאה בפרט זה; אין להסיק שמימוש בסיסי משלים אותו.
V3.0-L531,docs/enterprise-3.0-requirements.md,531,החלטות,- ביטול הוראת תשלום שלא בוצעה.,NOT STARTED,,,טרם אומתה עמידה מלאה בפרט זה; אין להסיק שמימוש בסיסי משלים אותו.
V3.0-L532,docs/enterprise-3.0-requirements.md,532,החלטות,- יצירת החלטה מתוקנת.,NOT STARTED,,,טרם אומתה עמידה מלאה בפרט זה; אין להסיק שמימוש בסיסי משלים אותו.
V3.0-L533,docs/enterprise-3.0-requirements.md,533,החלטות,- הפקת מכתב.,NOT STARTED,,,טרם אומתה עמידה מלאה בפרט זה; אין להסיק שמימוש בסיסי משלים אותו.
V3.0-L535,docs/enterprise-3.0-requirements.md,535,החלטות,יש לשמור החלטות קודמות ולא למחוק היסטוריה.,NOT STARTED,,,טרם אומתה עמידה מלאה בפרט זה; אין להסיק שמימוש בסיסי משלים אותו.
V3.0-L541,docs/enterprise-3.0-requirements.md,541,12. התחייבויות רפואיות ואישורים מראש,בנה מודול נפרד ומלא.,NOT STARTED,,,טרם אומתה עמידה מלאה בפרט זה; אין להסיק שמימוש בסיסי משלים אותו.
V3.0-L545,docs/enterprise-3.0-requirements.md,545,12. התחייבויות רפואיות ואישורים מראש,1. פתיחת בקשה.,NOT STARTED,,,טרם אומתה עמידה מלאה בפרט זה; אין להסיק שמימוש בסיסי משלים אותו.
V3.0-L546,docs/enterprise-3.0-requirements.md,546,12. התחייבויות רפואיות ואישורים מראש,2. בחירת פוליסה.,NOT STARTED,,,טרם אומתה עמידה מלאה בפרט זה; אין להסיק שמימוש בסיסי משלים אותו.
V3.0-L547,docs/enterprise-3.0-requirements.md,547,12. התחייבויות רפואיות ואישורים מראש,3. זיהוי בעל חיים.,NOT STARTED,,,טרם אומתה עמידה מלאה בפרט זה; אין להסיק שמימוש בסיסי משלים אותו.
V3.0-L548,docs/enterprise-3.0-requirements.md,548,12. התחייבויות רפואיות ואישורים מראש,4. בחירת טיפול עתידי.,NOT STARTED,,,טרם אומתה עמידה מלאה בפרט זה; אין להסיק שמימוש בסיסי משלים אותו.
V3.0-L549,docs/enterprise-3.0-requirements.md,549,12. התחייבויות רפואיות ואישורים מראש,5. אבחנה.,NOT STARTED,,,טרם אומתה עמידה מלאה בפרט זה; אין להסיק שמימוש בסיסי משלים אותו.
V3.0-L550,docs/enterprise-3.0-requirements.md,550,12. התחייבויות רפואיות ואישורים מראש,6. המלצת וטרינר.,NOT STARTED,,,טרם אומתה עמידה מלאה בפרט זה; אין להסיק שמימוש בסיסי משלים אותו.
V3.0-L551,docs/enterprise-3.0-requirements.md,551,12. התחייבויות רפואיות ואישורים מראש,7. צירוף מסמכים.,NOT STARTED,,,טרם אומתה עמידה מלאה בפרט זה; אין להסיק שמימוש בסיסי משלים אותו.
V3.0-L552,docs/enterprise-3.0-requirements.md,552,12. התחייבויות רפואיות ואישורים מראש,8. הערכת עלות.,NOT STARTED,,,טרם אומתה עמידה מלאה בפרט זה; אין להסיק שמימוש בסיסי משלים אותו.
V3.0-L553,docs/enterprise-3.0-requirements.md,553,12. התחייבויות רפואיות ואישורים מראש,9. בדיקת כיסוי.,NOT STARTED,,,טרם אומתה עמידה מלאה בפרט זה; אין להסיק שמימוש בסיסי משלים אותו.
V3.0-L554,docs/enterprise-3.0-requirements.md,554,12. התחייבויות רפואיות ואישורים מראש,10. בדיקת יתרה.,NOT STARTED,,,טרם אומתה עמידה מלאה בפרט זה; אין להסיק שמימוש בסיסי משלים אותו.
V3.0-L555,docs/enterprise-3.0-requirements.md,555,12. התחייבויות רפואיות ואישורים מראש,11. בדיקת אכשרה.,NOT STARTED,,,טרם אומתה עמידה מלאה בפרט זה; אין להסיק שמימוש בסיסי משלים אותו.
V3.0-L556,docs/enterprise-3.0-requirements.md,556,12. התחייבויות רפואיות ואישורים מראש,12. בדיקת החרגות.,NOT STARTED,,,טרם אומתה עמידה מלאה בפרט זה; אין להסיק שמימוש בסיסי משלים אותו.
V3.0-L557,docs/enterprise-3.0-requirements.md,557,12. התחייבויות רפואיות ואישורים מראש,13. העברה לבדיקה.,NOT STARTED,,,טרם אומתה עמידה מלאה בפרט זה; אין להסיק שמימוש בסיסי משלים אותו.
V3.0-L558,docs/enterprise-3.0-requirements.md,558,12. התחייבויות רפואיות ואישורים מראש,14. החלטה.,NOT STARTED,,,טרם אומתה עמידה מלאה בפרט זה; אין להסיק שמימוש בסיסי משלים אותו.
V3.0-L559,docs/enterprise-3.0-requirements.md,559,12. התחייבויות רפואיות ואישורים מראש,15. אישור סכום מרבי.,NOT STARTED,,,טרם אומתה עמידה מלאה בפרט זה; אין להסיק שמימוש בסיסי משלים אותו.
V3.0-L560,docs/enterprise-3.0-requirements.md,560,12. התחייבויות רפואיות ואישורים מראש,16. קביעת תוקף.,NOT STARTED,,,טרם אומתה עמידה מלאה בפרט זה; אין להסיק שמימוש בסיסי משלים אותו.
V3.0-L561,docs/enterprise-3.0-requirements.md,561,12. התחייבויות רפואיות ואישורים מראש,17. שריון יתרה.,NOT STARTED,,,טרם אומתה עמידה מלאה בפרט זה; אין להסיק שמימוש בסיסי משלים אותו.
V3.0-L562,docs/enterprise-3.0-requirements.md,562,12. התחייבויות רפואיות ואישורים מראש,18. הפקת התחייבות.,NOT STARTED,,,טרם אומתה עמידה מלאה בפרט זה; אין להסיק שמימוש בסיסי משלים אותו.
V3.0-L563,docs/enterprise-3.0-requirements.md,563,12. התחייבויות רפואיות ואישורים מראש,19. ניצול התחייבות.,NOT STARTED,,,טרם אומתה עמידה מלאה בפרט זה; אין להסיק שמימוש בסיסי משלים אותו.
V3.0-L564,docs/enterprise-3.0-requirements.md,564,12. התחייבויות רפואיות ואישורים מראש,20. קישור לתביעה.,NOT STARTED,,,טרם אומתה עמידה מלאה בפרט זה; אין להסיק שמימוש בסיסי משלים אותו.
V3.0-L565,docs/enterprise-3.0-requirements.md,565,12. התחייבויות רפואיות ואישורים מראש,21. ביטול.,NOT STARTED,,,טרם אומתה עמידה מלאה בפרט זה; אין להסיק שמימוש בסיסי משלים אותו.
V3.0-L566,docs/enterprise-3.0-requirements.md,566,12. התחייבויות רפואיות ואישורים מראש,22. פקיעה.,NOT STARTED,,,טרם אומתה עמידה מלאה בפרט זה; אין להסיק שמימוש בסיסי משלים אותו.
V3.0-L568,docs/enterprise-3.0-requirements.md,568,12. התחייבויות רפואיות ואישורים מראש,יש למנוע ניצול כפול ולתעד כל שינוי ביתרה.,NOT STARTED,,,טרם אומתה עמידה מלאה בפרט זה; אין להסיק שמימוש בסיסי משלים אותו.
V3.0-L574,docs/enterprise-3.0-requirements.md,574,13. מערכת כספים ארגונית,בנה מערכת כספים עם ספר תנועות עקבי.,NOT STARTED,,,טרם אומתה עמידה מלאה בפרט זה; אין להסיק שמימוש בסיסי משלים אותו.
V3.0-L578,docs/enterprise-3.0-requirements.md,578,מודולים,- חיובים.,NOT STARTED,,,טרם אומתה עמידה מלאה בפרט זה; אין להסיק שמימוש בסיסי משלים אותו.
V3.0-L579,docs/enterprise-3.0-requirements.md,579,מודולים,- לוחות תשלום.,NOT STARTED,,,טרם אומתה עמידה מלאה בפרט זה; אין להסיק שמימוש בסיסי משלים אותו.
V3.0-L580,docs/enterprise-3.0-requirements.md,580,מודולים,- גבייה.,NOT STARTED,,,טרם אומתה עמידה מלאה בפרט זה; אין להסיק שמימוש בסיסי משלים אותו.
V3.0-L581,docs/enterprise-3.0-requirements.md,581,מודולים,- פיגורים.,NOT STARTED,,,טרם אומתה עמידה מלאה בפרט זה; אין להסיק שמימוש בסיסי משלים אותו.
V3.0-L582,docs/enterprise-3.0-requirements.md,582,מודולים,- חובות.,NOT STARTED,,,טרם אומתה עמידה מלאה בפרט זה; אין להסיק שמימוש בסיסי משלים אותו.
V3.0-L583,docs/enterprise-3.0-requirements.md,583,מודולים,- זיכויים.,NOT STARTED,,,טרם אומתה עמידה מלאה בפרט זה; אין להסיק שמימוש בסיסי משלים אותו.
V3.0-L584,docs/enterprise-3.0-requirements.md,584,מודולים,- החזרים.,NOT STARTED,,,טרם אומתה עמידה מלאה בפרט זה; אין להסיק שמימוש בסיסי משלים אותו.
V3.0-L585,docs/enterprise-3.0-requirements.md,585,מודולים,- תשלומי תביעות.,NOT STARTED,,,טרם אומתה עמידה מלאה בפרט זה; אין להסיק שמימוש בסיסי משלים אותו.
V3.0-L586,docs/enterprise-3.0-requirements.md,586,מודולים,- תשלומים לספקים מדומים.,NOT STARTED,,,טרם אומתה עמידה מלאה בפרט זה; אין להסיק שמימוש בסיסי משלים אותו.
V3.0-L587,docs/enterprise-3.0-requirements.md,587,מודולים,- התאמות.,NOT STARTED,,,טרם אומתה עמידה מלאה בפרט זה; אין להסיק שמימוש בסיסי משלים אותו.
V3.0-L588,docs/enterprise-3.0-requirements.md,588,מודולים,- פקודות יומן.,NOT STARTED,,,טרם אומתה עמידה מלאה בפרט זה; אין להסיק שמימוש בסיסי משלים אותו.
V3.0-L589,docs/enterprise-3.0-requirements.md,589,מודולים,- יתרות.,NOT STARTED,,,טרם אומתה עמידה מלאה בפרט זה; אין להסיק שמימוש בסיסי משלים אותו.
V3.0-L590,docs/enterprise-3.0-requirements.md,590,מודולים,- דוחות.,NOT STARTED,,,טרם אומתה עמידה מלאה בפרט זה; אין להסיק שמימוש בסיסי משלים אותו.
V3.0-L591,docs/enterprise-3.0-requirements.md,591,מודולים,- בקרות.,NOT STARTED,,,טרם אומתה עמידה מלאה בפרט זה; אין להסיק שמימוש בסיסי משלים אותו.
V3.0-L595,docs/enterprise-3.0-requirements.md,595,תהליכים,1. יצירת חיוב.,NOT STARTED,,,טרם אומתה עמידה מלאה בפרט זה; אין להסיק שמימוש בסיסי משלים אותו.
V3.0-L596,docs/enterprise-3.0-requirements.md,596,תהליכים,2. גבייה מלאה.,NOT STARTED,,,טרם אומתה עמידה מלאה בפרט זה; אין להסיק שמימוש בסיסי משלים אותו.
V3.0-L597,docs/enterprise-3.0-requirements.md,597,תהליכים,3. גבייה חלקית.,NOT STARTED,,,טרם אומתה עמידה מלאה בפרט זה; אין להסיק שמימוש בסיסי משלים אותו.
V3.0-L598,docs/enterprise-3.0-requirements.md,598,תהליכים,4. כישלון גבייה.,NOT STARTED,,,טרם אומתה עמידה מלאה בפרט זה; אין להסיק שמימוש בסיסי משלים אותו.
V3.0-L599,docs/enterprise-3.0-requirements.md,599,תהליכים,5. ניסיון חוזר.,NOT STARTED,,,טרם אומתה עמידה מלאה בפרט זה; אין להסיק שמימוש בסיסי משלים אותו.
V3.0-L600,docs/enterprise-3.0-requirements.md,600,תהליכים,6. ביטול חיוב באמצעות היפוך.,NOT STARTED,,,טרם אומתה עמידה מלאה בפרט זה; אין להסיק שמימוש בסיסי משלים אותו.
V3.0-L601,docs/enterprise-3.0-requirements.md,601,תהליכים,7. זיכוי.,NOT STARTED,,,טרם אומתה עמידה מלאה בפרט זה; אין להסיק שמימוש בסיסי משלים אותו.
V3.0-L602,docs/enterprise-3.0-requirements.md,602,תהליכים,8. החזר.,NOT STARTED,,,טרם אומתה עמידה מלאה בפרט זה; אין להסיק שמימוש בסיסי משלים אותו.
V3.0-L603,docs/enterprise-3.0-requirements.md,603,תהליכים,9. אישור החזר.,NOT STARTED,,,טרם אומתה עמידה מלאה בפרט זה; אין להסיק שמימוש בסיסי משלים אותו.
V3.0-L604,docs/enterprise-3.0-requirements.md,604,תהליכים,10. ביצוע החזר מדומה.,NOT STARTED,,,טרם אומתה עמידה מלאה בפרט זה; אין להסיק שמימוש בסיסי משלים אותו.
V3.0-L605,docs/enterprise-3.0-requirements.md,605,תהליכים,11. חישוב חוב.,NOT STARTED,,,טרם אומתה עמידה מלאה בפרט זה; אין להסיק שמימוש בסיסי משלים אותו.
V3.0-L606,docs/enterprise-3.0-requirements.md,606,תהליכים,12. הסדר תשלומים.,NOT STARTED,,,טרם אומתה עמידה מלאה בפרט זה; אין להסיק שמימוש בסיסי משלים אותו.
V3.0-L607,docs/enterprise-3.0-requirements.md,607,תהליכים,13. הקפאת גבייה.,NOT STARTED,,,טרם אומתה עמידה מלאה בפרט זה; אין להסיק שמימוש בסיסי משלים אותו.
V3.0-L608,docs/enterprise-3.0-requirements.md,608,תהליכים,14. הפשרת גבייה.,NOT STARTED,,,טרם אומתה עמידה מלאה בפרט זה; אין להסיק שמימוש בסיסי משלים אותו.
V3.0-L609,docs/enterprise-3.0-requirements.md,609,תהליכים,15. התאמת תנועות.,NOT STARTED,,,טרם אומתה עמידה מלאה בפרט זה; אין להסיק שמימוש בסיסי משלים אותו.
V3.0-L610,docs/enterprise-3.0-requirements.md,610,תהליכים,16. תיקון טעות.,NOT STARTED,,,טרם אומתה עמידה מלאה בפרט זה; אין להסיק שמימוש בסיסי משלים אותו.
V3.0-L611,docs/enterprise-3.0-requirements.md,611,תהליכים,17. הפקת דוח.,NOT STARTED,,,טרם אומתה עמידה מלאה בפרט זה; אין להסיק שמימוש בסיסי משלים אותו.
V3.0-L612,docs/enterprise-3.0-requirements.md,612,תהליכים,18. סגירת תקופה חשבונאית.,NOT STARTED,,,טרם אומתה עמידה מלאה בפרט זה; אין להסיק שמימוש בסיסי משלים אותו.
V3.0-L613,docs/enterprise-3.0-requirements.md,613,תהליכים,19. בקרת יתרות.,NOT STARTED,,,טרם אומתה עמידה מלאה בפרט זה; אין להסיק שמימוש בסיסי משלים אותו.
V3.0-L614,docs/enterprise-3.0-requirements.md,614,תהליכים,20. איתור תנועות חריגות.,NOT STARTED,,,טרם אומתה עמידה מלאה בפרט זה; אין להסיק שמימוש בסיסי משלים אותו.
V3.0-L618,docs/enterprise-3.0-requirements.md,618,ספר חשבונות כפול,"יש לתכנן ולממש מודל Ledger הכולל חשבונות, פקודות יומן, שורות חובה וזכות, יתרות ובקרת איזון.",NOT STARTED,,,טרם אומתה עמידה מלאה בפרט זה; אין להסיק שמימוש בסיסי משלים אותו.
V3.0-L624,docs/enterprise-3.0-requirements.md,624,ספר חשבונות כפול,אין למחוק פקודות כספיות מאושרות. תיקון יבוצע באמצעות תנועת היפוך.,NOT STARTED,,,טרם אומתה עמידה מלאה בפרט זה; אין להסיק שמימוש בסיסי משלים אותו.
V3.0-L626,docs/enterprise-3.0-requirements.md,626,ספר חשבונות כפול,"כל סכום כספי יישמר ביחידות מטבע מדויקות, ללא שגיאות floating point.",NOT STARTED,,,טרם אומתה עמידה מלאה בפרט זה; אין להסיק שמימוש בסיסי משלים אותו.
V3.0-L632,docs/enterprise-3.0-requirements.md,632,14. מערכת מסמכים ארגונית,ממש לפחות את 35 סוגי המסמכים שהוגדרו באפיון הקודם.,NOT STARTED,,,טרם אומתה עמידה מלאה בפרט זה; אין להסיק שמימוש בסיסי משלים אותו.
V3.0-L636,docs/enterprise-3.0-requirements.md,636,14. מערכת מסמכים ארגונית,- מנוע תבניות.,NOT STARTED,,,טרם אומתה עמידה מלאה בפרט זה; אין להסיק שמימוש בסיסי משלים אותו.
V3.0-L637,docs/enterprise-3.0-requirements.md,637,14. מערכת מסמכים ארגונית,- עורך תבניות למנהל מורשה.,NOT STARTED,,,טרם אומתה עמידה מלאה בפרט זה; אין להסיק שמימוש בסיסי משלים אותו.
V3.0-L638,docs/enterprise-3.0-requirements.md,638,14. מערכת מסמכים ארגונית,- שדות דינמיים.,NOT STARTED,,,טרם אומתה עמידה מלאה בפרט זה; אין להסיק שמימוש בסיסי משלים אותו.
V3.0-L639,docs/enterprise-3.0-requirements.md,639,14. מערכת מסמכים ארגונית,- גרסאות.,NOT STARTED,,,טרם אומתה עמידה מלאה בפרט זה; אין להסיק שמימוש בסיסי משלים אותו.
V3.0-L640,docs/enterprise-3.0-requirements.md,640,14. מערכת מסמכים ארגונית,- תצוגה מקדימה.,NOT STARTED,,,טרם אומתה עמידה מלאה בפרט זה; אין להסיק שמימוש בסיסי משלים אותו.
V3.0-L641,docs/enterprise-3.0-requirements.md,641,14. מערכת מסמכים ארגונית,- יצירת HTML.,IN PROGRESS,apps/api/src/documents.ts; apps/api/src/signing.ts; apps/web/src/components/enrollment-workspace.tsx,tests/enrollment-api.test.ts; tests/e2e/enrollment.spec.ts,מימוש פעיל; בדיקת דפדפן עדכנית בתהליך. הרחבות מסמכים נוספות נשארו פתוחות.
V3.0-L642,docs/enterprise-3.0-requirements.md,642,14. מערכת מסמכים ארגונית,- יצירת PDF.,IN PROGRESS,apps/api/src/documents.ts; apps/api/src/signing.ts; apps/web/src/components/enrollment-workspace.tsx,tests/enrollment-api.test.ts; tests/e2e/enrollment.spec.ts,מימוש פעיל; בדיקת דפדפן עדכנית בתהליך. הרחבות מסמכים נוספות נשארו פתוחות.
V3.0-L643,docs/enterprise-3.0-requirements.md,643,14. מערכת מסמכים ארגונית,- יצירה ברקע.,NOT STARTED,,,טרם אומתה עמידה מלאה בפרט זה; אין להסיק שמימוש בסיסי משלים אותו.
V3.0-L644,docs/enterprise-3.0-requirements.md,644,14. מערכת מסמכים ארגונית,- ניסיון חוזר בכישלון.,NOT STARTED,,,טרם אומתה עמידה מלאה בפרט זה; אין להסיק שמימוש בסיסי משלים אותו.
V3.0-L645,docs/enterprise-3.0-requirements.md,645,14. מערכת מסמכים ארגונית,- סטטוס הפקה.,NOT STARTED,,,טרם אומתה עמידה מלאה בפרט זה; אין להסיק שמימוש בסיסי משלים אותו.
V3.0-L646,docs/enterprise-3.0-requirements.md,646,14. מערכת מסמכים ארגונית,- חתימה מדומה.,IN PROGRESS,apps/api/src/documents.ts; apps/api/src/signing.ts; apps/web/src/components/enrollment-workspace.tsx,tests/enrollment-api.test.ts; tests/e2e/enrollment.spec.ts,מימוש פעיל; בדיקת דפדפן עדכנית בתהליך. הרחבות מסמכים נוספות נשארו פתוחות.
V3.0-L647,docs/enterprise-3.0-requirements.md,647,14. מערכת מסמכים ארגונית,- אימות שלמות תוכן.,NOT STARTED,,,טרם אומתה עמידה מלאה בפרט זה; אין להסיק שמימוש בסיסי משלים אותו.
V3.0-L648,docs/enterprise-3.0-requirements.md,648,14. מערכת מסמכים ארגונית,- קישור לתיק.,NOT STARTED,,,טרם אומתה עמידה מלאה בפרט זה; אין להסיק שמימוש בסיסי משלים אותו.
V3.0-L649,docs/enterprise-3.0-requirements.md,649,14. מערכת מסמכים ארגונית,- ביטול מסמך.,NOT STARTED,,,טרם אומתה עמידה מלאה בפרט זה; אין להסיק שמימוש בסיסי משלים אותו.
V3.0-L650,docs/enterprise-3.0-requirements.md,650,14. מערכת מסמכים ארגונית,- הפקה חוזרת.,NOT STARTED,,,טרם אומתה עמידה מלאה בפרט זה; אין להסיק שמימוש בסיסי משלים אותו.
V3.0-L651,docs/enterprise-3.0-requirements.md,651,14. מערכת מסמכים ארגונית,- ארכיון.,NOT STARTED,,,טרם אומתה עמידה מלאה בפרט זה; אין להסיק שמימוש בסיסי משלים אותו.
V3.0-L652,docs/enterprise-3.0-requirements.md,652,14. מערכת מסמכים ארגונית,- הרשאות צפייה.,NOT STARTED,,,טרם אומתה עמידה מלאה בפרט זה; אין להסיק שמימוש בסיסי משלים אותו.
V3.0-L653,docs/enterprise-3.0-requirements.md,653,14. מערכת מסמכים ארגונית,- תיעוד הורדות.,NOT STARTED,,,טרם אומתה עמידה מלאה בפרט זה; אין להסיק שמימוש בסיסי משלים אותו.
V3.0-L655,docs/enterprise-3.0-requirements.md,655,14. מערכת מסמכים ארגונית,"כל מסמך חייב להיות מקצועי, בעברית תקינה, RTL, עם כותרות, טבלאות, פרטי תיק, תאריכים, מספר מסמך ותוכן ענייני.",NOT STARTED,,,טרם אומתה עמידה מלאה בפרט זה; אין להסיק שמימוש בסיסי משלים אותו.
V3.0-L657,docs/enterprise-3.0-requirements.md,657,14. מערכת מסמכים ארגונית,אין להפיק מסמכים ריקים או גנריים.,NOT STARTED,,,טרם אומתה עמידה מלאה בפרט זה; אין להסיק שמימוש בסיסי משלים אותו.
V3.0-L663,docs/enterprise-3.0-requirements.md,663,15. פורטל וטרינרים,ממש פורטל נפרד למרפאות וטרינריות.,NOT STARTED,,,טרם אומתה עמידה מלאה בפרט זה; אין להסיק שמימוש בסיסי משלים אותו.
V3.0-L667,docs/enterprise-3.0-requirements.md,667,ניהול מרפאות,- רישום מרפאה מדומה.,NOT STARTED,,,טרם אומתה עמידה מלאה בפרט זה; אין להסיק שמימוש בסיסי משלים אותו.
V3.0-L668,docs/enterprise-3.0-requirements.md,668,ניהול מרפאות,- פרטי מרפאה.,NOT STARTED,,,טרם אומתה עמידה מלאה בפרט זה; אין להסיק שמימוש בסיסי משלים אותו.
V3.0-L669,docs/enterprise-3.0-requirements.md,669,ניהול מרפאות,- וטרינרים.,NOT STARTED,,,טרם אומתה עמידה מלאה בפרט זה; אין להסיק שמימוש בסיסי משלים אותו.
V3.0-L670,docs/enterprise-3.0-requirements.md,670,ניהול מרפאות,- משתמשים.,NOT STARTED,,,טרם אומתה עמידה מלאה בפרט זה; אין להסיק שמימוש בסיסי משלים אותו.
V3.0-L671,docs/enterprise-3.0-requirements.md,671,ניהול מרפאות,- הרשאות.,NOT STARTED,,,טרם אומתה עמידה מלאה בפרט זה; אין להסיק שמימוש בסיסי משלים אותו.
V3.0-L672,docs/enterprise-3.0-requirements.md,672,ניהול מרפאות,- סטטוס.,NOT STARTED,,,טרם אומתה עמידה מלאה בפרט זה; אין להסיק שמימוש בסיסי משלים אותו.
V3.0-L673,docs/enterprise-3.0-requirements.md,673,ניהול מרפאות,- היסטוריית פעולות.,NOT STARTED,,,טרם אומתה עמידה מלאה בפרט זה; אין להסיק שמימוש בסיסי משלים אותו.
V3.0-L677,docs/enterprise-3.0-requirements.md,677,פעולות מרפאה,- בדיקת זכאות מוגבלת.,NOT STARTED,,,טרם אומתה עמידה מלאה בפרט זה; אין להסיק שמימוש בסיסי משלים אותו.
V3.0-L678,docs/enterprise-3.0-requirements.md,678,פעולות מרפאה,- הגשת תביעה.,NOT STARTED,,,טרם אומתה עמידה מלאה בפרט זה; אין להסיק שמימוש בסיסי משלים אותו.
V3.0-L679,docs/enterprise-3.0-requirements.md,679,פעולות מרפאה,- צירוף חשבונית.,NOT STARTED,,,טרם אומתה עמידה מלאה בפרט זה; אין להסיק שמימוש בסיסי משלים אותו.
V3.0-L680,docs/enterprise-3.0-requirements.md,680,פעולות מרפאה,- צירוף סיכום רפואי.,NOT STARTED,,,טרם אומתה עמידה מלאה בפרט זה; אין להסיק שמימוש בסיסי משלים אותו.
V3.0-L681,docs/enterprise-3.0-requirements.md,681,פעולות מרפאה,- בקשת התחייבות.,NOT STARTED,,,טרם אומתה עמידה מלאה בפרט זה; אין להסיק שמימוש בסיסי משלים אותו.
V3.0-L682,docs/enterprise-3.0-requirements.md,682,פעולות מרפאה,- השלמת מסמכים.,NOT STARTED,,,טרם אומתה עמידה מלאה בפרט זה; אין להסיק שמימוש בסיסי משלים אותו.
V3.0-L683,docs/enterprise-3.0-requirements.md,683,פעולות מרפאה,- צפייה בסטטוס.,NOT STARTED,,,טרם אומתה עמידה מלאה בפרט זה; אין להסיק שמימוש בסיסי משלים אותו.
V3.0-L684,docs/enterprise-3.0-requirements.md,684,פעולות מרפאה,- צפייה בהחלטות המותרות.,NOT STARTED,,,טרם אומתה עמידה מלאה בפרט זה; אין להסיק שמימוש בסיסי משלים אותו.
V3.0-L685,docs/enterprise-3.0-requirements.md,685,פעולות מרפאה,- תיעוד טיפול.,NOT STARTED,,,טרם אומתה עמידה מלאה בפרט זה; אין להסיק שמימוש בסיסי משלים אותו.
V3.0-L687,docs/enterprise-3.0-requirements.md,687,פעולות מרפאה,אין לחשוף מידע של מבוטחים אחרים או מידע מעבר להרשאה ולהסכמה שניתנו.,NOT STARTED,,,טרם אומתה עמידה מלאה בפרט זה; אין להסיק שמימוש בסיסי משלים אותו.
V3.0-L693,docs/enterprise-3.0-requirements.md,693,16. מערכת מוקד שירות,ממש סביבת מוקד מקצועית.,NOT STARTED,,,טרם אומתה עמידה מלאה בפרט זה; אין להסיק שמימוש בסיסי משלים אותו.
V3.0-L697,docs/enterprise-3.0-requirements.md,697,תהליך שיחה,1. פתיחת אינטראקציה.,NOT STARTED,,,טרם אומתה עמידה מלאה בפרט זה; אין להסיק שמימוש בסיסי משלים אותו.
V3.0-L698,docs/enterprise-3.0-requirements.md,698,תהליך שיחה,2. זיהוי פונה.,NOT STARTED,,,טרם אומתה עמידה מלאה בפרט זה; אין להסיק שמימוש בסיסי משלים אותו.
V3.0-L699,docs/enterprise-3.0-requirements.md,699,תהליך שיחה,3. אימות הרשאת פונה.,NOT STARTED,,,טרם אומתה עמידה מלאה בפרט זה; אין להסיק שמימוש בסיסי משלים אותו.
V3.0-L700,docs/enterprise-3.0-requirements.md,700,תהליך שיחה,4. איתור לקוח.,NOT STARTED,,,טרם אומתה עמידה מלאה בפרט זה; אין להסיק שמימוש בסיסי משלים אותו.
V3.0-L701,docs/enterprise-3.0-requirements.md,701,תהליך שיחה,5. איתור פוליסה.,NOT STARTED,,,טרם אומתה עמידה מלאה בפרט זה; אין להסיק שמימוש בסיסי משלים אותו.
V3.0-L702,docs/enterprise-3.0-requirements.md,702,תהליך שיחה,6. בחירת נושא.,NOT STARTED,,,טרם אומתה עמידה מלאה בפרט זה; אין להסיק שמימוש בסיסי משלים אותו.
V3.0-L703,docs/enterprise-3.0-requirements.md,703,תהליך שיחה,7. פתיחת פנייה.,NOT STARTED,,,טרם אומתה עמידה מלאה בפרט זה; אין להסיק שמימוש בסיסי משלים אותו.
V3.0-L704,docs/enterprise-3.0-requirements.md,704,תהליך שיחה,8. תיעוד.,NOT STARTED,,,טרם אומתה עמידה מלאה בפרט זה; אין להסיק שמימוש בסיסי משלים אותו.
V3.0-L705,docs/enterprise-3.0-requirements.md,705,תהליך שיחה,9. טיפול.,NOT STARTED,,,טרם אומתה עמידה מלאה בפרט זה; אין להסיק שמימוש בסיסי משלים אותו.
V3.0-L706,docs/enterprise-3.0-requirements.md,706,תהליך שיחה,10. העברה למחלקה.,NOT STARTED,,,טרם אומתה עמידה מלאה בפרט זה; אין להסיק שמימוש בסיסי משלים אותו.
V3.0-L707,docs/enterprise-3.0-requirements.md,707,תהליך שיחה,11. משימת המשך.,NOT STARTED,,,טרם אומתה עמידה מלאה בפרט זה; אין להסיק שמימוש בסיסי משלים אותו.
V3.0-L708,docs/enterprise-3.0-requirements.md,708,תהליך שיחה,12. אישור מנהל אם נדרש.,NOT STARTED,,,טרם אומתה עמידה מלאה בפרט זה; אין להסיק שמימוש בסיסי משלים אותו.
V3.0-L709,docs/enterprise-3.0-requirements.md,709,תהליך שיחה,13. סיכום.,NOT STARTED,,,טרם אומתה עמידה מלאה בפרט זה; אין להסיק שמימוש בסיסי משלים אותו.
V3.0-L710,docs/enterprise-3.0-requirements.md,710,תהליך שיחה,14. סגירה.,NOT STARTED,,,טרם אומתה עמידה מלאה בפרט זה; אין להסיק שמימוש בסיסי משלים אותו.
V3.0-L711,docs/enterprise-3.0-requirements.md,711,תהליך שיחה,15. פתיחה מחדש.,NOT STARTED,,,טרם אומתה עמידה מלאה בפרט זה; אין להסיק שמימוש בסיסי משלים אותו.
V3.0-L715,docs/enterprise-3.0-requirements.md,715,תורים ו־SLA,- תור שירות.,NOT STARTED,,,טרם אומתה עמידה מלאה בפרט זה; אין להסיק שמימוש בסיסי משלים אותו.
V3.0-L716,docs/enterprise-3.0-requirements.md,716,תורים ו־SLA,- תור תביעות.,NOT STARTED,,,טרם אומתה עמידה מלאה בפרט זה; אין להסיק שמימוש בסיסי משלים אותו.
V3.0-L717,docs/enterprise-3.0-requirements.md,717,תורים ו־SLA,- תור חיתום.,NOT STARTED,,,טרם אומתה עמידה מלאה בפרט זה; אין להסיק שמימוש בסיסי משלים אותו.
V3.0-L718,docs/enterprise-3.0-requirements.md,718,תורים ו־SLA,- תור כספים.,NOT STARTED,,,טרם אומתה עמידה מלאה בפרט זה; אין להסיק שמימוש בסיסי משלים אותו.
V3.0-L719,docs/enterprise-3.0-requirements.md,719,תורים ו־SLA,- תור מסמכים.,NOT STARTED,,,טרם אומתה עמידה מלאה בפרט זה; אין להסיק שמימוש בסיסי משלים אותו.
V3.0-L720,docs/enterprise-3.0-requirements.md,720,תורים ו־SLA,- תור מנהלים.,NOT STARTED,,,טרם אומתה עמידה מלאה בפרט זה; אין להסיק שמימוש בסיסי משלים אותו.
V3.0-L721,docs/enterprise-3.0-requirements.md,721,תורים ו־SLA,- מדידת זמן טיפול.,NOT STARTED,,,טרם אומתה עמידה מלאה בפרט זה; אין להסיק שמימוש בסיסי משלים אותו.
V3.0-L722,docs/enterprise-3.0-requirements.md,722,תורים ו־SLA,- תאריכי יעד.,NOT STARTED,,,טרם אומתה עמידה מלאה בפרט זה; אין להסיק שמימוש בסיסי משלים אותו.
V3.0-L723,docs/enterprise-3.0-requirements.md,723,תורים ו־SLA,- חריגות SLA.,NOT STARTED,,,טרם אומתה עמידה מלאה בפרט זה; אין להסיק שמימוש בסיסי משלים אותו.
V3.0-L724,docs/enterprise-3.0-requirements.md,724,תורים ו־SLA,- הסלמות.,NOT STARTED,,,טרם אומתה עמידה מלאה בפרט זה; אין להסיק שמימוש בסיסי משלים אותו.
V3.0-L725,docs/enterprise-3.0-requirements.md,725,תורים ו־SLA,- העברת אחריות.,NOT STARTED,,,טרם אומתה עמידה מלאה בפרט זה; אין להסיק שמימוש בסיסי משלים אותו.
V3.0-L733,docs/enterprise-3.0-requirements.md,733,"17. ניהול עובדים, תפקידים וסמכויות",יש ליצור:,NOT STARTED,,,טרם אומתה עמידה מלאה בפרט זה; אין להסיק שמימוש בסיסי משלים אותו.
V3.0-L735,docs/enterprise-3.0-requirements.md,735,"17. ניהול עובדים, תפקידים וסמכויות",- עובדים.,NOT STARTED,,,טרם אומתה עמידה מלאה בפרט זה; אין להסיק שמימוש בסיסי משלים אותו.
V3.0-L736,docs/enterprise-3.0-requirements.md,736,"17. ניהול עובדים, תפקידים וסמכויות",- מחלקות.,NOT STARTED,,,טרם אומתה עמידה מלאה בפרט זה; אין להסיק שמימוש בסיסי משלים אותו.
V3.0-L737,docs/enterprise-3.0-requirements.md,737,"17. ניהול עובדים, תפקידים וסמכויות",- צוותים.,NOT STARTED,,,טרם אומתה עמידה מלאה בפרט זה; אין להסיק שמימוש בסיסי משלים אותו.
V3.0-L738,docs/enterprise-3.0-requirements.md,738,"17. ניהול עובדים, תפקידים וסמכויות",- מנהלים.,NOT STARTED,,,טרם אומתה עמידה מלאה בפרט זה; אין להסיק שמימוש בסיסי משלים אותו.
V3.0-L739,docs/enterprise-3.0-requirements.md,739,"17. ניהול עובדים, תפקידים וסמכויות",- תפקידים.,NOT STARTED,,,טרם אומתה עמידה מלאה בפרט זה; אין להסיק שמימוש בסיסי משלים אותו.
V3.0-L740,docs/enterprise-3.0-requirements.md,740,"17. ניהול עובדים, תפקידים וסמכויות",- הרשאות.,NOT STARTED,,,טרם אומתה עמידה מלאה בפרט זה; אין להסיק שמימוש בסיסי משלים אותו.
V3.0-L741,docs/enterprise-3.0-requirements.md,741,"17. ניהול עובדים, תפקידים וסמכויות",- סמכויות כספיות.,NOT STARTED,,,טרם אומתה עמידה מלאה בפרט זה; אין להסיק שמימוש בסיסי משלים אותו.
V3.0-L742,docs/enterprise-3.0-requirements.md,742,"17. ניהול עובדים, תפקידים וסמכויות",- סמכויות חיתום.,NOT STARTED,,,טרם אומתה עמידה מלאה בפרט זה; אין להסיק שמימוש בסיסי משלים אותו.
V3.0-L743,docs/enterprise-3.0-requirements.md,743,"17. ניהול עובדים, תפקידים וסמכויות",- סמכויות אישור.,NOT STARTED,,,טרם אומתה עמידה מלאה בפרט זה; אין להסיק שמימוש בסיסי משלים אותו.
V3.0-L744,docs/enterprise-3.0-requirements.md,744,"17. ניהול עובדים, תפקידים וסמכויות",- מגבלות גישה.,NOT STARTED,,,טרם אומתה עמידה מלאה בפרט זה; אין להסיק שמימוש בסיסי משלים אותו.
V3.0-L745,docs/enterprise-3.0-requirements.md,745,"17. ניהול עובדים, תפקידים וסמכויות",- תיעוד פעילות.,NOT STARTED,,,טרם אומתה עמידה מלאה בפרט זה; אין להסיק שמימוש בסיסי משלים אותו.
V3.0-L746,docs/enterprise-3.0-requirements.md,746,"17. ניהול עובדים, תפקידים וסמכויות",- השבתת משתמש.,NOT STARTED,,,טרם אומתה עמידה מלאה בפרט זה; אין להסיק שמימוש בסיסי משלים אותו.
V3.0-L747,docs/enterprise-3.0-requirements.md,747,"17. ניהול עובדים, תפקידים וסמכויות",- ניהול התחברויות.,NOT STARTED,,,טרם אומתה עמידה מלאה בפרט זה; אין להסיק שמימוש בסיסי משלים אותו.
V3.0-L751,docs/enterprise-3.0-requirements.md,751,מנוע אישורים,כל בקשה לאישור תכלול:,NOT STARTED,,,טרם אומתה עמידה מלאה בפרט זה; אין להסיק שמימוש בסיסי משלים אותו.
V3.0-L753,docs/enterprise-3.0-requirements.md,753,מנוע אישורים,- יוזם.,NOT STARTED,,,טרם אומתה עמידה מלאה בפרט זה; אין להסיק שמימוש בסיסי משלים אותו.
V3.0-L754,docs/enterprise-3.0-requirements.md,754,מנוע אישורים,- סוג פעולה.,NOT STARTED,,,טרם אומתה עמידה מלאה בפרט זה; אין להסיק שמימוש בסיסי משלים אותו.
V3.0-L755,docs/enterprise-3.0-requirements.md,755,מנוע אישורים,- סיבה.,NOT STARTED,,,טרם אומתה עמידה מלאה בפרט זה; אין להסיק שמימוש בסיסי משלים אותו.
V3.0-L756,docs/enterprise-3.0-requirements.md,756,מנוע אישורים,- סכום.,NOT STARTED,,,טרם אומתה עמידה מלאה בפרט זה; אין להסיק שמימוש בסיסי משלים אותו.
V3.0-L757,docs/enterprise-3.0-requirements.md,757,מנוע אישורים,- גורם מאשר.,NOT STARTED,,,טרם אומתה עמידה מלאה בפרט זה; אין להסיק שמימוש בסיסי משלים אותו.
V3.0-L758,docs/enterprise-3.0-requirements.md,758,מנוע אישורים,- רמת סמכות.,NOT STARTED,,,טרם אומתה עמידה מלאה בפרט זה; אין להסיק שמימוש בסיסי משלים אותו.
V3.0-L759,docs/enterprise-3.0-requirements.md,759,מנוע אישורים,- סטטוס.,NOT STARTED,,,טרם אומתה עמידה מלאה בפרט זה; אין להסיק שמימוש בסיסי משלים אותו.
V3.0-L760,docs/enterprise-3.0-requirements.md,760,מנוע אישורים,- מועד.,NOT STARTED,,,טרם אומתה עמידה מלאה בפרט זה; אין להסיק שמימוש בסיסי משלים אותו.
V3.0-L761,docs/enterprise-3.0-requirements.md,761,מנוע אישורים,- נימוק.,NOT STARTED,,,טרם אומתה עמידה מלאה בפרט זה; אין להסיק שמימוש בסיסי משלים אותו.
V3.0-L762,docs/enterprise-3.0-requirements.md,762,מנוע אישורים,- היסטוריה.,NOT STARTED,,,טרם אומתה עמידה מלאה בפרט זה; אין להסיק שמימוש בסיסי משלים אותו.
V3.0-L764,docs/enterprise-3.0-requirements.md,764,מנוע אישורים,יש למנוע אישור עצמי כאשר נדרשת הפרדת תפקידים.,NOT STARTED,,,טרם אומתה עמידה מלאה בפרט זה; אין להסיק שמימוש בסיסי משלים אותו.
V3.0-L770,docs/enterprise-3.0-requirements.md,770,18. מנוע Workflow כללי,בנה מנוע תהליכים רב־שימושי.,NOT STARTED,,,טרם אומתה עמידה מלאה בפרט זה; אין להסיק שמימוש בסיסי משלים אותו.
V3.0-L774,docs/enterprise-3.0-requirements.md,774,18. מנוע Workflow כללי,- Workflow Definitions,NOT STARTED,,,טרם אומתה עמידה מלאה בפרט זה; אין להסיק שמימוש בסיסי משלים אותו.
V3.0-L775,docs/enterprise-3.0-requirements.md,775,18. מנוע Workflow כללי,- Workflow Versions,NOT STARTED,,,טרם אומתה עמידה מלאה בפרט זה; אין להסיק שמימוש בסיסי משלים אותו.
V3.0-L776,docs/enterprise-3.0-requirements.md,776,18. מנוע Workflow כללי,- Workflow Instances,NOT STARTED,,,טרם אומתה עמידה מלאה בפרט זה; אין להסיק שמימוש בסיסי משלים אותו.
V3.0-L777,docs/enterprise-3.0-requirements.md,777,18. מנוע Workflow כללי,- Workflow Steps,NOT STARTED,,,טרם אומתה עמידה מלאה בפרט זה; אין להסיק שמימוש בסיסי משלים אותו.
V3.0-L778,docs/enterprise-3.0-requirements.md,778,18. מנוע Workflow כללי,- State Transitions,NOT STARTED,,,טרם אומתה עמידה מלאה בפרט זה; אין להסיק שמימוש בסיסי משלים אותו.
V3.0-L779,docs/enterprise-3.0-requirements.md,779,18. מנוע Workflow כללי,- Preconditions,NOT STARTED,,,טרם אומתה עמידה מלאה בפרט זה; אין להסיק שמימוש בסיסי משלים אותו.
V3.0-L780,docs/enterprise-3.0-requirements.md,780,18. מנוע Workflow כללי,- Validation Rules,NOT STARTED,,,טרם אומתה עמידה מלאה בפרט זה; אין להסיק שמימוש בסיסי משלים אותו.
V3.0-L781,docs/enterprise-3.0-requirements.md,781,18. מנוע Workflow כללי,- Approval Gates,NOT STARTED,,,טרם אומתה עמידה מלאה בפרט זה; אין להסיק שמימוש בסיסי משלים אותו.
V3.0-L782,docs/enterprise-3.0-requirements.md,782,18. מנוע Workflow כללי,- Task Assignment,NOT STARTED,,,טרם אומתה עמידה מלאה בפרט זה; אין להסיק שמימוש בסיסי משלים אותו.
V3.0-L783,docs/enterprise-3.0-requirements.md,783,18. מנוע Workflow כללי,- Escalations,NOT STARTED,,,טרם אומתה עמידה מלאה בפרט זה; אין להסיק שמימוש בסיסי משלים אותו.
V3.0-L784,docs/enterprise-3.0-requirements.md,784,18. מנוע Workflow כללי,- Deadlines,NOT STARTED,,,טרם אומתה עמידה מלאה בפרט זה; אין להסיק שמימוש בסיסי משלים אותו.
V3.0-L785,docs/enterprise-3.0-requirements.md,785,18. מנוע Workflow כללי,- Event History,NOT STARTED,,,טרם אומתה עמידה מלאה בפרט זה; אין להסיק שמימוש בסיסי משלים אותו.
V3.0-L786,docs/enterprise-3.0-requirements.md,786,18. מנוע Workflow כללי,- Retry,NOT STARTED,,,טרם אומתה עמידה מלאה בפרט זה; אין להסיק שמימוש בסיסי משלים אותו.
V3.0-L787,docs/enterprise-3.0-requirements.md,787,18. מנוע Workflow כללי,- Idempotency,NOT STARTED,,,טרם אומתה עמידה מלאה בפרט זה; אין להסיק שמימוש בסיסי משלים אותו.
V3.0-L788,docs/enterprise-3.0-requirements.md,788,18. מנוע Workflow כללי,- Compensation Actions,NOT STARTED,,,טרם אומתה עמידה מלאה בפרט זה; אין להסיק שמימוש בסיסי משלים אותו.
V3.0-L792,docs/enterprise-3.0-requirements.md,792,18. מנוע Workflow כללי,אין להסתמך על מצב Frontend בלבד.,NOT STARTED,,,טרם אומתה עמידה מלאה בפרט זה; אין להסיק שמימוש בסיסי משלים אותו.
V3.0-L800,docs/enterprise-3.0-requirements.md,800,19. קטלוג פעולות עסקיות גדול,יש להרחיב את הקטלוג באופן משמעותי.,NOT STARTED,,,טרם אומתה עמידה מלאה בפרט זה; אין להסיק שמימוש בסיסי משלים אותו.
V3.0-L810,docs/enterprise-3.0-requirements.md,810,19. קטלוג פעולות עסקיות גדול,- לקוחות.,NOT STARTED,,,טרם אומתה עמידה מלאה בפרט זה; אין להסיק שמימוש בסיסי משלים אותו.
V3.0-L811,docs/enterprise-3.0-requirements.md,811,19. קטלוג פעולות עסקיות גדול,- בעלי חיים.,NOT STARTED,,,טרם אומתה עמידה מלאה בפרט זה; אין להסיק שמימוש בסיסי משלים אותו.
V3.0-L812,docs/enterprise-3.0-requirements.md,812,19. קטלוג פעולות עסקיות גדול,- הצטרפות.,NOT STARTED,,,טרם אומתה עמידה מלאה בפרט זה; אין להסיק שמימוש בסיסי משלים אותו.
V3.0-L813,docs/enterprise-3.0-requirements.md,813,19. קטלוג פעולות עסקיות גדול,- חיתום.,NOT STARTED,,,טרם אומתה עמידה מלאה בפרט זה; אין להסיק שמימוש בסיסי משלים אותו.
V3.0-L814,docs/enterprise-3.0-requirements.md,814,19. קטלוג פעולות עסקיות גדול,- מוצרים.,NOT STARTED,,,טרם אומתה עמידה מלאה בפרט זה; אין להסיק שמימוש בסיסי משלים אותו.
V3.0-L815,docs/enterprise-3.0-requirements.md,815,19. קטלוג פעולות עסקיות גדול,- תמחור.,NOT STARTED,,,טרם אומתה עמידה מלאה בפרט זה; אין להסיק שמימוש בסיסי משלים אותו.
V3.0-L816,docs/enterprise-3.0-requirements.md,816,19. קטלוג פעולות עסקיות גדול,- פוליסות.,NOT STARTED,,,טרם אומתה עמידה מלאה בפרט זה; אין להסיק שמימוש בסיסי משלים אותו.
V3.0-L817,docs/enterprise-3.0-requirements.md,817,19. קטלוג פעולות עסקיות גדול,- תביעות.,NOT STARTED,,,טרם אומתה עמידה מלאה בפרט זה; אין להסיק שמימוש בסיסי משלים אותו.
V3.0-L818,docs/enterprise-3.0-requirements.md,818,19. קטלוג פעולות עסקיות גדול,- התחייבויות.,NOT STARTED,,,טרם אומתה עמידה מלאה בפרט זה; אין להסיק שמימוש בסיסי משלים אותו.
V3.0-L819,docs/enterprise-3.0-requirements.md,819,19. קטלוג פעולות עסקיות גדול,- גבייה.,NOT STARTED,,,טרם אומתה עמידה מלאה בפרט זה; אין להסיק שמימוש בסיסי משלים אותו.
V3.0-L820,docs/enterprise-3.0-requirements.md,820,19. קטלוג פעולות עסקיות גדול,- כספים.,NOT STARTED,,,טרם אומתה עמידה מלאה בפרט זה; אין להסיק שמימוש בסיסי משלים אותו.
V3.0-L821,docs/enterprise-3.0-requirements.md,821,19. קטלוג פעולות עסקיות גדול,- מסמכים.,NOT STARTED,,,טרם אומתה עמידה מלאה בפרט זה; אין להסיק שמימוש בסיסי משלים אותו.
V3.0-L822,docs/enterprise-3.0-requirements.md,822,19. קטלוג פעולות עסקיות גדול,- שירות.,NOT STARTED,,,טרם אומתה עמידה מלאה בפרט זה; אין להסיק שמימוש בסיסי משלים אותו.
V3.0-L823,docs/enterprise-3.0-requirements.md,823,19. קטלוג פעולות עסקיות גדול,- עובדים.,NOT STARTED,,,טרם אומתה עמידה מלאה בפרט זה; אין להסיק שמימוש בסיסי משלים אותו.
V3.0-L824,docs/enterprise-3.0-requirements.md,824,19. קטלוג פעולות עסקיות גדול,- ניהול.,NOT STARTED,,,טרם אומתה עמידה מלאה בפרט זה; אין להסיק שמימוש בסיסי משלים אותו.
V3.0-L825,docs/enterprise-3.0-requirements.md,825,19. קטלוג פעולות עסקיות גדול,- דוחות.,NOT STARTED,,,טרם אומתה עמידה מלאה בפרט זה; אין להסיק שמימוש בסיסי משלים אותו.
V3.0-L827,docs/enterprise-3.0-requirements.md,827,19. קטלוג פעולות עסקיות גדול,"יש ליצור מסך חיפוש פעולות בתוך תיק הלקוח והפוליסה, ולהציג רק פעולות הרלוונטיות למצב הנוכחי ולהרשאות המשתמש.",NOT STARTED,,,טרם אומתה עמידה מלאה בפרט זה; אין להסיק שמימוש בסיסי משלים אותו.
V3.0-L833,docs/enterprise-3.0-requirements.md,833,"20. דוחות, BI ובקרה",ממש דוחות תפעוליים המבוססים על נתוני PostgreSQL.,NOT STARTED,,,טרם אומתה עמידה מלאה בפרט זה; אין להסיק שמימוש בסיסי משלים אותו.
V3.0-L837,docs/enterprise-3.0-requirements.md,837,"20. דוחות, BI ובקרה",- לקוחות.,NOT STARTED,,,טרם אומתה עמידה מלאה בפרט זה; אין להסיק שמימוש בסיסי משלים אותו.
V3.0-L838,docs/enterprise-3.0-requirements.md,838,"20. דוחות, BI ובקרה",- בעלי חיים.,NOT STARTED,,,טרם אומתה עמידה מלאה בפרט זה; אין להסיק שמימוש בסיסי משלים אותו.
V3.0-L839,docs/enterprise-3.0-requirements.md,839,"20. דוחות, BI ובקרה",- פוליסות פעילות.,NOT STARTED,,,טרם אומתה עמידה מלאה בפרט זה; אין להסיק שמימוש בסיסי משלים אותו.
V3.0-L840,docs/enterprise-3.0-requirements.md,840,"20. דוחות, BI ובקרה",- פוליסות מבוטלות.,NOT STARTED,,,טרם אומתה עמידה מלאה בפרט זה; אין להסיק שמימוש בסיסי משלים אותו.
V3.0-L841,docs/enterprise-3.0-requirements.md,841,"20. דוחות, BI ובקרה",- חידושים.,NOT STARTED,,,טרם אומתה עמידה מלאה בפרט זה; אין להסיק שמימוש בסיסי משלים אותו.
V3.0-L842,docs/enterprise-3.0-requirements.md,842,"20. דוחות, BI ובקרה",- הצטרפויות.,NOT STARTED,,,טרם אומתה עמידה מלאה בפרט זה; אין להסיק שמימוש בסיסי משלים אותו.
V3.0-L843,docs/enterprise-3.0-requirements.md,843,"20. דוחות, BI ובקרה",- תביעות פתוחות.,NOT STARTED,,,טרם אומתה עמידה מלאה בפרט זה; אין להסיק שמימוש בסיסי משלים אותו.
V3.0-L844,docs/enterprise-3.0-requirements.md,844,"20. דוחות, BI ובקרה",- תביעות מאושרות.,NOT STARTED,,,טרם אומתה עמידה מלאה בפרט זה; אין להסיק שמימוש בסיסי משלים אותו.
V3.0-L845,docs/enterprise-3.0-requirements.md,845,"20. דוחות, BI ובקרה",- תביעות שנדחו.,NOT STARTED,,,טרם אומתה עמידה מלאה בפרט זה; אין להסיק שמימוש בסיסי משלים אותו.
V3.0-L846,docs/enterprise-3.0-requirements.md,846,"20. דוחות, BI ובקרה",- זמן טיפול בתביעה.,NOT STARTED,,,טרם אומתה עמידה מלאה בפרט זה; אין להסיק שמימוש בסיסי משלים אותו.
V3.0-L847,docs/enterprise-3.0-requirements.md,847,"20. דוחות, BI ובקרה",- התחייבויות.,NOT STARTED,,,טרם אומתה עמידה מלאה בפרט זה; אין להסיק שמימוש בסיסי משלים אותו.
V3.0-L848,docs/enterprise-3.0-requirements.md,848,"20. דוחות, BI ובקרה",- חיובים.,NOT STARTED,,,טרם אומתה עמידה מלאה בפרט זה; אין להסיק שמימוש בסיסי משלים אותו.
V3.0-L849,docs/enterprise-3.0-requirements.md,849,"20. דוחות, BI ובקרה",- גבייה.,NOT STARTED,,,טרם אומתה עמידה מלאה בפרט זה; אין להסיק שמימוש בסיסי משלים אותו.
V3.0-L850,docs/enterprise-3.0-requirements.md,850,"20. דוחות, BI ובקרה",- חובות.,NOT STARTED,,,טרם אומתה עמידה מלאה בפרט זה; אין להסיק שמימוש בסיסי משלים אותו.
V3.0-L851,docs/enterprise-3.0-requirements.md,851,"20. דוחות, BI ובקרה",- החזרים.,NOT STARTED,,,טרם אומתה עמידה מלאה בפרט זה; אין להסיק שמימוש בסיסי משלים אותו.
V3.0-L852,docs/enterprise-3.0-requirements.md,852,"20. דוחות, BI ובקרה",- פעילות עובדים.,NOT STARTED,,,טרם אומתה עמידה מלאה בפרט זה; אין להסיק שמימוש בסיסי משלים אותו.
V3.0-L853,docs/enterprise-3.0-requirements.md,853,"20. דוחות, BI ובקרה",- עומסי עבודה.,NOT STARTED,,,טרם אומתה עמידה מלאה בפרט זה; אין להסיק שמימוש בסיסי משלים אותו.
V3.0-L854,docs/enterprise-3.0-requirements.md,854,"20. דוחות, BI ובקרה",- חריגות SLA.,NOT STARTED,,,טרם אומתה עמידה מלאה בפרט זה; אין להסיק שמימוש בסיסי משלים אותו.
V3.0-L855,docs/enterprise-3.0-requirements.md,855,"20. דוחות, BI ובקרה",- החלטות חיתום.,NOT STARTED,,,טרם אומתה עמידה מלאה בפרט זה; אין להסיק שמימוש בסיסי משלים אותו.
V3.0-L856,docs/enterprise-3.0-requirements.md,856,"20. דוחות, BI ובקרה",- פעולות מנהלים.,NOT STARTED,,,טרם אומתה עמידה מלאה בפרט זה; אין להסיק שמימוש בסיסי משלים אותו.
V3.0-L857,docs/enterprise-3.0-requirements.md,857,"20. דוחות, BI ובקרה",- אירועי ביקורת.,NOT STARTED,,,טרם אומתה עמידה מלאה בפרט זה; אין להסיק שמימוש בסיסי משלים אותו.
V3.0-L859,docs/enterprise-3.0-requirements.md,859,"20. דוחות, BI ובקרה","אפשר סינון לפי תאריכים, סטטוסים, עובדים, מוצרים ומחלקות.",NOT STARTED,,,טרם אומתה עמידה מלאה בפרט זה; אין להסיק שמימוש בסיסי משלים אותו.
V3.0-L861,docs/enterprise-3.0-requirements.md,861,"20. דוחות, BI ובקרה",הוסף ייצוא CSV ו־PDF בהתאם להרשאות.,NOT STARTED,,,טרם אומתה עמידה מלאה בפרט זה; אין להסיק שמימוש בסיסי משלים אותו.
V3.0-L867,docs/enterprise-3.0-requirements.md,867,21. התראות ומשימות,בנה מרכז התראות פנימי.,NOT STARTED,,,טרם אומתה עמידה מלאה בפרט זה; אין להסיק שמימוש בסיסי משלים אותו.
V3.0-L871,docs/enterprise-3.0-requirements.md,871,21. התראות ומשימות,- בקשת הצטרפות חסרה.,NOT STARTED,,,טרם אומתה עמידה מלאה בפרט זה; אין להסיק שמימוש בסיסי משלים אותו.
V3.0-L872,docs/enterprise-3.0-requirements.md,872,21. התראות ומשימות,- מסמך ממתין.,NOT STARTED,,,טרם אומתה עמידה מלאה בפרט זה; אין להסיק שמימוש בסיסי משלים אותו.
V3.0-L873,docs/enterprise-3.0-requirements.md,873,21. התראות ומשימות,- בקשה לחיתום.,NOT STARTED,,,טרם אומתה עמידה מלאה בפרט זה; אין להסיק שמימוש בסיסי משלים אותו.
V3.0-L874,docs/enterprise-3.0-requirements.md,874,21. התראות ומשימות,- תביעה חדשה.,NOT STARTED,,,טרם אומתה עמידה מלאה בפרט זה; אין להסיק שמימוש בסיסי משלים אותו.
V3.0-L875,docs/enterprise-3.0-requirements.md,875,21. התראות ומשימות,- החלטה ממתינה.,NOT STARTED,,,טרם אומתה עמידה מלאה בפרט זה; אין להסיק שמימוש בסיסי משלים אותו.
V3.0-L876,docs/enterprise-3.0-requirements.md,876,21. התראות ומשימות,- התחייבות עומדת לפוג.,NOT STARTED,,,טרם אומתה עמידה מלאה בפרט זה; אין להסיק שמימוש בסיסי משלים אותו.
V3.0-L877,docs/enterprise-3.0-requirements.md,877,21. התראות ומשימות,- חיוב נכשל.,NOT STARTED,,,טרם אומתה עמידה מלאה בפרט זה; אין להסיק שמימוש בסיסי משלים אותו.
V3.0-L878,docs/enterprise-3.0-requirements.md,878,21. התראות ומשימות,- חוב בפיגור.,NOT STARTED,,,טרם אומתה עמידה מלאה בפרט זה; אין להסיק שמימוש בסיסי משלים אותו.
V3.0-L879,docs/enterprise-3.0-requirements.md,879,21. התראות ומשימות,- פוליסה לקראת חידוש.,NOT STARTED,,,טרם אומתה עמידה מלאה בפרט זה; אין להסיק שמימוש בסיסי משלים אותו.
V3.0-L880,docs/enterprise-3.0-requirements.md,880,21. התראות ומשימות,- חריגת SLA.,NOT STARTED,,,טרם אומתה עמידה מלאה בפרט זה; אין להסיק שמימוש בסיסי משלים אותו.
V3.0-L881,docs/enterprise-3.0-requirements.md,881,21. התראות ומשימות,- בקשת אישור מנהל.,NOT STARTED,,,טרם אומתה עמידה מלאה בפרט זה; אין להסיק שמימוש בסיסי משלים אותו.
V3.0-L893,docs/enterprise-3.0-requirements.md,893,ניהול,- מוצרים.,NOT STARTED,,,טרם אומתה עמידה מלאה בפרט זה; אין להסיק שמימוש בסיסי משלים אותו.
V3.0-L894,docs/enterprise-3.0-requirements.md,894,ניהול,- תעריפים.,NOT STARTED,,,טרם אומתה עמידה מלאה בפרט זה; אין להסיק שמימוש בסיסי משלים אותו.
V3.0-L895,docs/enterprise-3.0-requirements.md,895,ניהול,- כיסויים.,NOT STARTED,,,טרם אומתה עמידה מלאה בפרט זה; אין להסיק שמימוש בסיסי משלים אותו.
V3.0-L896,docs/enterprise-3.0-requirements.md,896,ניהול,- החרגות.,NOT STARTED,,,טרם אומתה עמידה מלאה בפרט זה; אין להסיק שמימוש בסיסי משלים אותו.
V3.0-L897,docs/enterprise-3.0-requirements.md,897,ניהול,- שאלונים.,NOT STARTED,,,טרם אומתה עמידה מלאה בפרט זה; אין להסיק שמימוש בסיסי משלים אותו.
V3.0-L898,docs/enterprise-3.0-requirements.md,898,ניהול,- תבניות מסמכים.,NOT STARTED,,,טרם אומתה עמידה מלאה בפרט זה; אין להסיק שמימוש בסיסי משלים אותו.
V3.0-L899,docs/enterprise-3.0-requirements.md,899,ניהול,- תהליכים.,NOT STARTED,,,טרם אומתה עמידה מלאה בפרט זה; אין להסיק שמימוש בסיסי משלים אותו.
V3.0-L900,docs/enterprise-3.0-requirements.md,900,ניהול,- הרשאות.,NOT STARTED,,,טרם אומתה עמידה מלאה בפרט זה; אין להסיק שמימוש בסיסי משלים אותו.
V3.0-L901,docs/enterprise-3.0-requirements.md,901,ניהול,- מחלקות.,NOT STARTED,,,טרם אומתה עמידה מלאה בפרט זה; אין להסיק שמימוש בסיסי משלים אותו.
V3.0-L902,docs/enterprise-3.0-requirements.md,902,ניהול,- משתמשים.,NOT STARTED,,,טרם אומתה עמידה מלאה בפרט זה; אין להסיק שמימוש בסיסי משלים אותו.
V3.0-L903,docs/enterprise-3.0-requirements.md,903,ניהול,- תורים.,NOT STARTED,,,טרם אומתה עמידה מלאה בפרט זה; אין להסיק שמימוש בסיסי משלים אותו.
V3.0-L904,docs/enterprise-3.0-requirements.md,904,ניהול,- כללי אישור.,NOT STARTED,,,טרם אומתה עמידה מלאה בפרט זה; אין להסיק שמימוש בסיסי משלים אותו.
V3.0-L905,docs/enterprise-3.0-requirements.md,905,ניהול,- כללי SLA.,NOT STARTED,,,טרם אומתה עמידה מלאה בפרט זה; אין להסיק שמימוש בסיסי משלים אותו.
V3.0-L906,docs/enterprise-3.0-requirements.md,906,ניהול,- התראות.,NOT STARTED,,,טרם אומתה עמידה מלאה בפרט זה; אין להסיק שמימוש בסיסי משלים אותו.
V3.0-L907,docs/enterprise-3.0-requirements.md,907,ניהול,- נתוני הדגמה.,NOT STARTED,,,טרם אומתה עמידה מלאה בפרט זה; אין להסיק שמימוש בסיסי משלים אותו.
V3.0-L908,docs/enterprise-3.0-requirements.md,908,ניהול,- יומני ביקורת.,NOT STARTED,,,טרם אומתה עמידה מלאה בפרט זה; אין להסיק שמימוש בסיסי משלים אותו.
V3.0-L914,docs/enterprise-3.0-requirements.md,914,איפוס נתונים,1. איפוס נתונים עסקיים.,TESTED,apps/api/src/system-reset.ts; apps/web/src/components/system-reset.tsx,scripts/test-system-isolated.ts,בדיקות מחיקה במסד חדש מבודד בלבד; יש להריץ שוב לאחר הוספת טבלאות החתימה.
V3.0-L915,docs/enterprise-3.0-requirements.md,915,איפוס נתונים,2. החזרת נתוני דוגמה.,TESTED,apps/api/src/system-reset.ts; apps/web/src/components/system-reset.tsx,scripts/test-system-isolated.ts,בדיקות מחיקה במסד חדש מבודד בלבד; יש להריץ שוב לאחר הוספת טבלאות החתימה.
V3.0-L919,docs/enterprise-3.0-requirements.md,919,איפוס נתונים,אין להפעיל איפוס אוטומטי בזמן פיתוח או בדיקות.,NOT STARTED,,,טרם אומתה עמידה מלאה בפרט זה; אין להסיק שמימוש בסיסי משלים אותו.
V3.0-L929,docs/enterprise-3.0-requirements.md,929,23. אבטחת מידע,- Argon2id.,TESTED,apps/api/src/auth.ts; apps/api/src/employees.ts,tests/api.test.ts; tests/employees-api.test.ts,בדיקות קיימות עברו בסבב השחזור ובסבב הפיתוח.
V3.0-L930,docs/enterprise-3.0-requirements.md,930,23. אבטחת מידע,- Cookies מסוג HttpOnly.,TESTED,apps/api/src/auth.ts; apps/api/src/employees.ts,tests/api.test.ts; tests/employees-api.test.ts,בדיקות קיימות עברו בסבב השחזור ובסבב הפיתוח.
V3.0-L931,docs/enterprise-3.0-requirements.md,931,23. אבטחת מידע,- CSRF.,TESTED,apps/api/src/auth.ts; apps/api/src/employees.ts,tests/api.test.ts; tests/employees-api.test.ts,בדיקות קיימות עברו בסבב השחזור ובסבב הפיתוח.
V3.0-L932,docs/enterprise-3.0-requirements.md,932,23. אבטחת מידע,- RBAC.,NOT STARTED,,,טרם אומתה עמידה מלאה בפרט זה; אין להסיק שמימוש בסיסי משלים אותו.
V3.0-L933,docs/enterprise-3.0-requirements.md,933,23. אבטחת מידע,- הרשאות ברמת רשומה.,NOT STARTED,,,טרם אומתה עמידה מלאה בפרט זה; אין להסיק שמימוש בסיסי משלים אותו.
V3.0-L934,docs/enterprise-3.0-requirements.md,934,23. אבטחת מידע,- מניעת הסלמת הרשאות.,TESTED,apps/api/src/auth.ts; apps/api/src/employees.ts,tests/api.test.ts; tests/employees-api.test.ts,בדיקות קיימות עברו בסבב השחזור ובסבב הפיתוח.
V3.0-L935,docs/enterprise-3.0-requirements.md,935,23. אבטחת מידע,- בקרת מסמכים רפואיים.,NOT STARTED,,,טרם אומתה עמידה מלאה בפרט זה; אין להסיק שמימוש בסיסי משלים אותו.
V3.0-L936,docs/enterprise-3.0-requirements.md,936,23. אבטחת מידע,- הגבלת ניסיונות התחברות.,NOT STARTED,,,טרם אומתה עמידה מלאה בפרט זה; אין להסיק שמימוש בסיסי משלים אותו.
V3.0-L937,docs/enterprise-3.0-requirements.md,937,23. אבטחת מידע,- הגנת XSS.,NOT STARTED,,,טרם אומתה עמידה מלאה בפרט זה; אין להסיק שמימוש בסיסי משלים אותו.
V3.0-L938,docs/enterprise-3.0-requirements.md,938,23. אבטחת מידע,- אימות קלט.,NOT STARTED,,,טרם אומתה עמידה מלאה בפרט זה; אין להסיק שמימוש בסיסי משלים אותו.
V3.0-L939,docs/enterprise-3.0-requirements.md,939,23. אבטחת מידע,- הגנה מפני העלאת קבצים מסוכנים.,NOT STARTED,,,טרם אומתה עמידה מלאה בפרט זה; אין להסיק שמימוש בסיסי משלים אותו.
V3.0-L940,docs/enterprise-3.0-requirements.md,940,23. אבטחת מידע,- Audit Trail.,NOT STARTED,,,טרם אומתה עמידה מלאה בפרט זה; אין להסיק שמימוש בסיסי משלים אותו.
V3.0-L941,docs/enterprise-3.0-requirements.md,941,23. אבטחת מידע,- סודות מחוץ ל־Git.,NOT STARTED,,,טרם אומתה עמידה מלאה בפרט זה; אין להסיק שמימוש בסיסי משלים אותו.
V3.0-L942,docs/enterprise-3.0-requirements.md,942,23. אבטחת מידע,- מניעת חשיפת נתונים בין לקוחות.,NOT STARTED,,,טרם אומתה עמידה מלאה בפרט זה; אין להסיק שמימוש בסיסי משלים אותו.
V3.0-L943,docs/enterprise-3.0-requirements.md,943,23. אבטחת מידע,- ניהול Sessions.,NOT STARTED,,,טרם אומתה עמידה מלאה בפרט זה; אין להסיק שמימוש בסיסי משלים אותו.
V3.0-L944,docs/enterprise-3.0-requirements.md,944,23. אבטחת מידע,- השבתת Sessions לאחר שינוי הרשאות.,TESTED,apps/api/src/auth.ts; apps/api/src/employees.ts,tests/api.test.ts; tests/employees-api.test.ts,בדיקות קיימות עברו בסבב השחזור ובסבב הפיתוח.
V3.0-L945,docs/enterprise-3.0-requirements.md,945,23. אבטחת מידע,- הפרדת סביבת בדיקות מנתוני עבודה.,NOT STARTED,,,טרם אומתה עמידה מלאה בפרט זה; אין להסיק שמימוש בסיסי משלים אותו.
V3.0-L947,docs/enterprise-3.0-requirements.md,947,23. אבטחת מידע,אין להכניס סיסמאות או נתונים רגישים לקוד המקור.,NOT STARTED,,,טרם אומתה עמידה מלאה בפרט זה; אין להסיק שמימוש בסיסי משלים אותו.
V3.0-L957,docs/enterprise-3.0-requirements.md,957,24. בסיס נתונים ומיגרציות,- מיגרציות תוספתיות.,NOT STARTED,,,טרם אומתה עמידה מלאה בפרט זה; אין להסיק שמימוש בסיסי משלים אותו.
V3.0-L958,docs/enterprise-3.0-requirements.md,958,24. בסיס נתונים ומיגרציות,- שמירת נתונים קיימים.,NOT STARTED,,,טרם אומתה עמידה מלאה בפרט זה; אין להסיק שמימוש בסיסי משלים אותו.
V3.0-L959,docs/enterprise-3.0-requirements.md,959,24. בסיס נתונים ומיגרציות,- מפתחות זרים.,NOT STARTED,,,טרם אומתה עמידה מלאה בפרט זה; אין להסיק שמימוש בסיסי משלים אותו.
V3.0-L960,docs/enterprise-3.0-requirements.md,960,24. בסיס נתונים ומיגרציות,- אינדקסים.,NOT STARTED,,,טרם אומתה עמידה מלאה בפרט זה; אין להסיק שמימוש בסיסי משלים אותו.
V3.0-L961,docs/enterprise-3.0-requirements.md,961,24. בסיס נתונים ומיגרציות,- Unique Constraints.,NOT STARTED,,,טרם אומתה עמידה מלאה בפרט זה; אין להסיק שמימוש בסיסי משלים אותו.
V3.0-L962,docs/enterprise-3.0-requirements.md,962,24. בסיס נתונים ומיגרציות,- Versioning.,IN PROGRESS,apps/api/src/enrollment.ts; apps/api/src/service.ts; prisma/schema.prisma,tests/enrollment-api.test.ts; tests/api.test.ts,ממומש בתהליכים קיימים; עדיין נדרש בכל המודולים החדשים.
V3.0-L963,docs/enterprise-3.0-requirements.md,963,24. בסיס נתונים ומיגרציות,- Optimistic Locking.,IN PROGRESS,apps/api/src/enrollment.ts; apps/api/src/service.ts; prisma/schema.prisma,tests/enrollment-api.test.ts; tests/api.test.ts,ממומש בתהליכים קיימים; עדיין נדרש בכל המודולים החדשים.
V3.0-L964,docs/enterprise-3.0-requirements.md,964,24. בסיס נתונים ומיגרציות,- Transactions.,IN PROGRESS,apps/api/src/enrollment.ts; apps/api/src/service.ts; prisma/schema.prisma,tests/enrollment-api.test.ts; tests/api.test.ts,ממומש בתהליכים קיימים; עדיין נדרש בכל המודולים החדשים.
V3.0-L965,docs/enterprise-3.0-requirements.md,965,24. בסיס נתונים ומיגרציות,- Idempotency Keys.,IN PROGRESS,apps/api/src/enrollment.ts; apps/api/src/service.ts; prisma/schema.prisma,tests/enrollment-api.test.ts; tests/api.test.ts,ממומש בתהליכים קיימים; עדיין נדרש בכל המודולים החדשים.
V3.0-L966,docs/enterprise-3.0-requirements.md,966,24. בסיס נתונים ומיגרציות,- Referential Integrity.,NOT STARTED,,,טרם אומתה עמידה מלאה בפרט זה; אין להסיק שמימוש בסיסי משלים אותו.
V3.0-L967,docs/enterprise-3.0-requirements.md,967,24. בסיס נתונים ומיגרציות,- Audit Events.,IN PROGRESS,apps/api/src/enrollment.ts; apps/api/src/service.ts; prisma/schema.prisma,tests/enrollment-api.test.ts; tests/api.test.ts,ממומש בתהליכים קיימים; עדיין נדרש בכל המודולים החדשים.
V3.0-L968,docs/enterprise-3.0-requirements.md,968,24. בסיס נתונים ומיגרציות,- Soft Delete כאשר מתאים.,NOT STARTED,,,טרם אומתה עמידה מלאה בפרט זה; אין להסיק שמימוש בסיסי משלים אותו.
V3.0-L969,docs/enterprise-3.0-requirements.md,969,24. בסיס נתונים ומיגרציות,- היסטוריית שינויים.,IN PROGRESS,apps/api/src/enrollment.ts; apps/api/src/service.ts; prisma/schema.prisma,tests/enrollment-api.test.ts; tests/api.test.ts,ממומש בתהליכים קיימים; עדיין נדרש בכל המודולים החדשים.
V3.0-L971,docs/enterprise-3.0-requirements.md,971,24. בסיס נתונים ומיגרציות,אין להשתמש ב־`prisma db push` או להחליף את מנגנון המיגרציות הקיים ללא הצדקה ובדיקה.,NOT STARTED,,,טרם אומתה עמידה מלאה בפרט זה; אין להסיק שמימוש בסיסי משלים אותו.
V3.0-L973,docs/enterprise-3.0-requirements.md,973,24. בסיס נתונים ומיגרציות,אין להריץ פקודות מחיקת מסד או volumes.,NOT STARTED,,,טרם אומתה עמידה מלאה בפרט זה; אין להסיק שמימוש בסיסי משלים אותו.
V3.0-L979,docs/enterprise-3.0-requirements.md,979,25. בדיקות קבלה מחייבות,אין להחשיב מודול כמושלם בלי בדיקת מסלול מלא.,NOT STARTED,,,טרם אומתה עמידה מלאה בפרט זה; אין להסיק שמימוש בסיסי משלים אותו.
V3.0-L1021,docs/enterprise-3.0-requirements.md,1021,מסלול J — שחזור,"יש להריץ בדיקות יחידה, API, אינטגרציה ו־Playwright.",NOT STARTED,,,טרם אומתה עמידה מלאה בפרט זה; אין להסיק שמימוש בסיסי משלים אותו.
V3.0-L1029,docs/enterprise-3.0-requirements.md,1029,26. דרישות Docker ו־Windows,יש לשמור על:,NOT STARTED,,,טרם אומתה עמידה מלאה בפרט זה; אין להסיק שמימוש בסיסי משלים אותו.
V3.0-L1031,docs/enterprise-3.0-requirements.md,1031,26. דרישות Docker ו־Windows,- compose.yaml תקין.,NOT STARTED,,,טרם אומתה עמידה מלאה בפרט זה; אין להסיק שמימוש בסיסי משלים אותו.
V3.0-L1032,docs/enterprise-3.0-requirements.md,1032,26. דרישות Docker ו־Windows,- Dockerfile תקין.,NOT STARTED,,,טרם אומתה עמידה מלאה בפרט זה; אין להסיק שמימוש בסיסי משלים אותו.
V3.0-L1033,docs/enterprise-3.0-requirements.md,1033,26. דרישות Docker ו־Windows,- PostgreSQL.,NOT STARTED,,,טרם אומתה עמידה מלאה בפרט זה; אין להסיק שמימוש בסיסי משלים אותו.
V3.0-L1034,docs/enterprise-3.0-requirements.md,1034,26. דרישות Docker ו־Windows,- API.,NOT STARTED,,,טרם אומתה עמידה מלאה בפרט זה; אין להסיק שמימוש בסיסי משלים אותו.
V3.0-L1035,docs/enterprise-3.0-requirements.md,1035,26. דרישות Docker ו־Windows,- Web.,NOT STARTED,,,טרם אומתה עמידה מלאה בפרט זה; אין להסיק שמימוש בסיסי משלים אותו.
V3.0-L1036,docs/enterprise-3.0-requirements.md,1036,26. דרישות Docker ו־Windows,- Health Checks.,NOT STARTED,,,טרם אומתה עמידה מלאה בפרט זה; אין להסיק שמימוש בסיסי משלים אותו.
V3.0-L1037,docs/enterprise-3.0-requirements.md,1037,26. דרישות Docker ו־Windows,- מיגרציות.,NOT STARTED,,,טרם אומתה עמידה מלאה בפרט זה; אין להסיק שמימוש בסיסי משלים אותו.
V3.0-L1038,docs/enterprise-3.0-requirements.md,1038,26. דרישות Docker ו־Windows,- Seed.,NOT STARTED,,,טרם אומתה עמידה מלאה בפרט זה; אין להסיק שמימוש בסיסי משלים אותו.
V3.0-L1039,docs/enterprise-3.0-requirements.md,1039,26. דרישות Docker ו־Windows,- Volumes.,NOT STARTED,,,טרם אומתה עמידה מלאה בפרט זה; אין להסיק שמימוש בסיסי משלים אותו.
V3.0-L1040,docs/enterprise-3.0-requirements.md,1040,26. דרישות Docker ו־Windows,- משתני סביבה.,NOT STARTED,,,טרם אומתה עמידה מלאה בפרט זה; אין להסיק שמימוש בסיסי משלים אותו.
V3.0-L1041,docs/enterprise-3.0-requirements.md,1041,26. דרישות Docker ו־Windows,- תיעוד הפעלה.,NOT STARTED,,,טרם אומתה עמידה מלאה בפרט זה; אין להסיק שמימוש בסיסי משלים אותו.
V3.0-L1042,docs/enterprise-3.0-requirements.md,1042,26. דרישות Docker ו־Windows,- תיעוד עדכון גרסה.,NOT STARTED,,,טרם אומתה עמידה מלאה בפרט זה; אין להסיק שמימוש בסיסי משלים אותו.
V3.0-L1044,docs/enterprise-3.0-requirements.md,1044,26. דרישות Docker ו־Windows,יש לוודא ששדרוג גרסה אינו מוחק את נתוני המשתמש.,NOT STARTED,,,טרם אומתה עמידה מלאה בפרט זה; אין להסיק שמימוש בסיסי משלים אותו.
V3.0-L1046,docs/enterprise-3.0-requirements.md,1046,26. דרישות Docker ו־Windows,"יש לבדוק בנייה והפעלה בפועל בסביבה הזמינה, ולתעד בנפרד בדיקות שלא ניתן לבצע ב־Windows מתוך סביבת הענן.",NOT STARTED,,,טרם אומתה עמידה מלאה בפרט זה; אין להסיק שמימוש בסיסי משלים אותו.
V3.0-L1052,docs/enterprise-3.0-requirements.md,1052,27. תוכנית ביצוע ללא עצירה מוקדמת,בצע את העבודה בסדר הבא:,NOT STARTED,,,טרם אומתה עמידה מלאה בפרט זה; אין להסיק שמימוש בסיסי משלים אותו.
V3.0-L1088,docs/enterprise-3.0-requirements.md,1088,27. תוכנית ביצוע ללא עצירה מוקדמת,1. ממש קוד.,NOT STARTED,,,טרם אומתה עמידה מלאה בפרט זה; אין להסיק שמימוש בסיסי משלים אותו.
V3.0-L1089,docs/enterprise-3.0-requirements.md,1089,27. תוכנית ביצוע ללא עצירה מוקדמת,2. הוסף מיגרציות.,NOT STARTED,,,טרם אומתה עמידה מלאה בפרט זה; אין להסיק שמימוש בסיסי משלים אותו.
V3.0-L1090,docs/enterprise-3.0-requirements.md,1090,27. תוכנית ביצוע ללא עצירה מוקדמת,3. חבר Backend ל־Frontend.,NOT STARTED,,,טרם אומתה עמידה מלאה בפרט זה; אין להסיק שמימוש בסיסי משלים אותו.
V3.0-L1091,docs/enterprise-3.0-requirements.md,1091,27. תוכנית ביצוע ללא עצירה מוקדמת,4. הוסף הרשאות.,NOT STARTED,,,טרם אומתה עמידה מלאה בפרט זה; אין להסיק שמימוש בסיסי משלים אותו.
V3.0-L1092,docs/enterprise-3.0-requirements.md,1092,27. תוכנית ביצוע ללא עצירה מוקדמת,5. הוסף בדיקות.,NOT STARTED,,,טרם אומתה עמידה מלאה בפרט זה; אין להסיק שמימוש בסיסי משלים אותו.
V3.0-L1093,docs/enterprise-3.0-requirements.md,1093,27. תוכנית ביצוע ללא עצירה מוקדמת,6. הרץ Build.,NOT STARTED,,,טרם אומתה עמידה מלאה בפרט זה; אין להסיק שמימוש בסיסי משלים אותו.
V3.0-L1094,docs/enterprise-3.0-requirements.md,1094,27. תוכנית ביצוע ללא עצירה מוקדמת,7. הרץ בדיקות.,NOT STARTED,,,טרם אומתה עמידה מלאה בפרט זה; אין להסיק שמימוש בסיסי משלים אותו.
V3.0-L1095,docs/enterprise-3.0-requirements.md,1095,27. תוכנית ביצוע ללא עצירה מוקדמת,8. תקן שגיאות.,NOT STARTED,,,טרם אומתה עמידה מלאה בפרט זה; אין להסיק שמימוש בסיסי משלים אותו.
V3.0-L1096,docs/enterprise-3.0-requirements.md,1096,27. תוכנית ביצוע ללא עצירה מוקדמת,9. בצע Commit.,NOT STARTED,,,טרם אומתה עמידה מלאה בפרט זה; אין להסיק שמימוש בסיסי משלים אותו.
V3.0-L1097,docs/enterprise-3.0-requirements.md,1097,27. תוכנית ביצוע ללא עצירה מוקדמת,10. עדכן מטריצת פערים.,NOT STARTED,,,טרם אומתה עמידה מלאה בפרט זה; אין להסיק שמימוש בסיסי משלים אותו.
V3.0-L1098,docs/enterprise-3.0-requirements.md,1098,27. תוכנית ביצוע ללא עצירה מוקדמת,11. המשך לשלב הבא.,NOT STARTED,,,טרם אומתה עמידה מלאה בפרט זה; אין להסיק שמימוש בסיסי משלים אותו.
V3.0-L1100,docs/enterprise-3.0-requirements.md,1100,27. תוכנית ביצוע ללא עצירה מוקדמת,"אין לעצור לאחר שלב מוצלח ולדווח ""סיימתי"" כאשר קיימים שלבים נוספים.",NOT STARTED,,,טרם אומתה עמידה מלאה בפרט זה; אין להסיק שמימוש בסיסי משלים אותו.
V3.0-L1102,docs/enterprise-3.0-requirements.md,1102,27. תוכנית ביצוע ללא עצירה מוקדמת,"אם לא ניתן להשלים את כל השלבים בריצה אחת, השאר נקודת המשך מדויקת ובצע את מירב העבודה האפשרית.",NOT STARTED,,,טרם אומתה עמידה מלאה בפרט זה; אין להסיק שמימוש בסיסי משלים אותו.
V3.0-L1110,docs/enterprise-3.0-requirements.md,1110,28. מדדי השלמה,- קיימת לוגיקה עסקית.,NOT STARTED,,,טרם אומתה עמידה מלאה בפרט זה; אין להסיק שמימוש בסיסי משלים אותו.
V3.0-L1111,docs/enterprise-3.0-requirements.md,1111,28. מדדי השלמה,- קיים API.,NOT STARTED,,,טרם אומתה עמידה מלאה בפרט זה; אין להסיק שמימוש בסיסי משלים אותו.
V3.0-L1112,docs/enterprise-3.0-requirements.md,1112,28. מדדי השלמה,- קיים ממשק משתמש.,NOT STARTED,,,טרם אומתה עמידה מלאה בפרט זה; אין להסיק שמימוש בסיסי משלים אותו.
V3.0-L1113,docs/enterprise-3.0-requirements.md,1113,28. מדדי השלמה,- קיימת שמירה למסד.,NOT STARTED,,,טרם אומתה עמידה מלאה בפרט זה; אין להסיק שמימוש בסיסי משלים אותו.
V3.0-L1114,docs/enterprise-3.0-requirements.md,1114,28. מדדי השלמה,- קיימות הרשאות.,NOT STARTED,,,טרם אומתה עמידה מלאה בפרט זה; אין להסיק שמימוש בסיסי משלים אותו.
V3.0-L1115,docs/enterprise-3.0-requirements.md,1115,28. מדדי השלמה,- קיימות ולידציות.,NOT STARTED,,,טרם אומתה עמידה מלאה בפרט זה; אין להסיק שמימוש בסיסי משלים אותו.
V3.0-L1116,docs/enterprise-3.0-requirements.md,1116,28. מדדי השלמה,- קיימות בדיקות.,NOT STARTED,,,טרם אומתה עמידה מלאה בפרט זה; אין להסיק שמימוש בסיסי משלים אותו.
V3.0-L1117,docs/enterprise-3.0-requirements.md,1117,28. מדדי השלמה,- קיימת השפעה אמיתית על נתונים.,NOT STARTED,,,טרם אומתה עמידה מלאה בפרט זה; אין להסיק שמימוש בסיסי משלים אותו.
V3.0-L1118,docs/enterprise-3.0-requirements.md,1118,28. מדדי השלמה,- קיימת היסטוריה.,NOT STARTED,,,טרם אומתה עמידה מלאה בפרט זה; אין להסיק שמימוש בסיסי משלים אותו.
V3.0-L1119,docs/enterprise-3.0-requirements.md,1119,28. מדדי השלמה,- קיימים מסמכים אם נדרשים.,NOT STARTED,,,טרם אומתה עמידה מלאה בפרט זה; אין להסיק שמימוש בסיסי משלים אותו.
V3.0-L1120,docs/enterprise-3.0-requirements.md,1120,28. מדדי השלמה,- אין פעולות דמה.,NOT STARTED,,,טרם אומתה עמידה מלאה בפרט זה; אין להסיק שמימוש בסיסי משלים אותו.
V3.0-L1121,docs/enterprise-3.0-requirements.md,1121,28. מדדי השלמה,- אין שגיאות Build.,NOT STARTED,,,טרם אומתה עמידה מלאה בפרט זה; אין להסיק שמימוש בסיסי משלים אותו.
V3.0-L1122,docs/enterprise-3.0-requirements.md,1122,28. מדדי השלמה,- מסלול E2E רלוונטי עובר.,NOT STARTED,,,טרם אומתה עמידה מלאה בפרט זה; אין להסיק שמימוש בסיסי משלים אותו.
V3.0-L1124,docs/enterprise-3.0-requirements.md,1124,28. מדדי השלמה,הוסף לכל דרישה מצב:,NOT STARTED,,,טרם אומתה עמידה מלאה בפרט זה; אין להסיק שמימוש בסיסי משלים אותו.
V3.0-L1128,docs/enterprise-3.0-requirements.md,1128,28. מדדי השלמה,"הצג מספר דרישות שהושלמו מתוך כלל הדרישות, ולא אחוז שרירותי.",NOT STARTED,,,טרם אומתה עמידה מלאה בפרט זה; אין להסיק שמימוש בסיסי משלים אותו.
V3.0-L1138,docs/enterprise-3.0-requirements.md,1138,29. שמירה ב־GitHub,בצע Commits קטנים ומשמעותיים.,NOT STARTED,,,טרם אומתה עמידה מלאה בפרט זה; אין להסיק שמימוש בסיסי משלים אותו.
V3.0-L1140,docs/enterprise-3.0-requirements.md,1140,29. שמירה ב־GitHub,אל תדרוס את main ללא אישור.,NOT STARTED,,,טרם אומתה עמידה מלאה בפרט זה; אין להסיק שמימוש בסיסי משלים אותו.
V3.0-L1142,docs/enterprise-3.0-requirements.md,1142,29. שמירה ב־GitHub,אל תכניס ל־Git:,NOT STARTED,,,טרם אומתה עמידה מלאה בפרט זה; אין להסיק שמימוש בסיסי משלים אותו.
V3.0-L1144,docs/enterprise-3.0-requirements.md,1144,29. שמירה ב־GitHub,- קובצי .env.,NOT STARTED,,,טרם אומתה עמידה מלאה בפרט זה; אין להסיק שמימוש בסיסי משלים אותו.
V3.0-L1145,docs/enterprise-3.0-requirements.md,1145,29. שמירה ב־GitHub,- סיסמאות.,NOT STARTED,,,טרם אומתה עמידה מלאה בפרט זה; אין להסיק שמימוש בסיסי משלים אותו.
V3.0-L1146,docs/enterprise-3.0-requirements.md,1146,29. שמירה ב־GitHub,- מפתחות.,NOT STARTED,,,טרם אומתה עמידה מלאה בפרט זה; אין להסיק שמימוש בסיסי משלים אותו.
V3.0-L1147,docs/enterprise-3.0-requirements.md,1147,29. שמירה ב־GitHub,- נתונים רגישים.,NOT STARTED,,,טרם אומתה עמידה מלאה בפרט זה; אין להסיק שמימוש בסיסי משלים אותו.
V3.0-L1148,docs/enterprise-3.0-requirements.md,1148,29. שמירה ב־GitHub,- node_modules.,NOT STARTED,,,טרם אומתה עמידה מלאה בפרט זה; אין להסיק שמימוש בסיסי משלים אותו.
V3.0-L1149,docs/enterprise-3.0-requirements.md,1149,29. שמירה ב־GitHub,- קובצי מסד מקומיים.,NOT STARTED,,,טרם אומתה עמידה מלאה בפרט זה; אין להסיק שמימוש בסיסי משלים אותו.
V3.0-L1150,docs/enterprise-3.0-requirements.md,1150,29. שמירה ב־GitHub,- קובצי גיבוי המכילים מידע.,NOT STARTED,,,טרם אומתה עמידה מלאה בפרט זה; אין להסיק שמימוש בסיסי משלים אותו.
V3.0-L1180,docs/enterprise-3.0-requirements.md,1180,30. הוראת מסירה סופית,"אם סביבת העבודה מחייבת עצירה, שמור את כל הקוד, צור מסמך המשכיות מפורט וציין את המשימה הבאה. אל תטען שהעבודה הושלמה.",NOT STARTED,,,טרם אומתה עמידה מלאה בפרט זה; אין להסיק שמימוש בסיסי משלים אותו.
UX-01,הנחיית משתמש בשיחה 09/10/2026,,תוספות והכרעות מאוחרות,"שמירת טיוטה ללא ריענון, אובדן מיקוד או דריסת הקלדה",TESTED,apps/web/src/components/enrollment-workspace.tsx,tests/e2e/enrollment.spec.ts,עברו בדיקות יחידה/API ומסלול דפדפן רלוונטי; עיצוב נבדק חזותית. אין בכך השלמה של יתר סעיפי 3.0.
UX-02,הנחיית משתמש בשיחה 09/10/2026,,תוספות והכרעות מאוחרות,שאלון מערכות גוף מקוצר עם פירוט מותנה וגרסאות,TESTED,packages/domain/src/enrollment.ts,tests/enrollment.test.ts,עברו בדיקות יחידה/API ומסלול דפדפן רלוונטי; עיצוב נבדק חזותית. אין בכך השלמה של יתר סעיפי 3.0.
SIGN-01,הנחיית משתמש בשיחה 09/10/2026,,תוספות והכרעות מאוחרות,"קישור אישי מוגבל בזמן, ביטול וחסימת תוכן מיושן",TESTED,apps/api/src/signing.ts,tests/enrollment-api.test.ts,עברו בדיקות יחידה/API ומסלול דפדפן רלוונטי; עיצוב נבדק חזותית. אין בכך השלמה של יתר סעיפי 3.0.
SIGN-02,הנחיית משתמש בשיחה 09/10/2026,,תוספות והכרעות מאוחרות,"קריאת הסכם, בריאות ותשלום וחתימה מרחוק",TESTED,apps/web/src/components/signing-portal.tsx; apps/api/src/signing.ts,tests/e2e/enrollment.spec.ts,עברו בדיקות יחידה/API ומסלול דפדפן רלוונטי; עיצוב נבדק חזותית. אין בכך השלמה של יתר סעיפי 3.0.
SIGN-03,הנחיית משתמש בשיחה 09/10/2026,,תוספות והכרעות מאוחרות,מעקב התקדמות בהסכמה והודעות עזרה לנציג וללקוח,TESTED,apps/web/src/components/signing-portal.tsx,tests/e2e/enrollment.spec.ts,עברו בדיקות יחידה/API ומסלול דפדפן רלוונטי; עיצוב נבדק חזותית. אין בכך השלמה של יתר סעיפי 3.0.
DOC-01,הנחיית משתמש בשיחה 09/10/2026,,תוספות והכרעות מאוחרות,עיצוב A4 מקצועי בהשראת דוגמת PDF ללא העתקת פרטים או מיתוג,TESTED,apps/api/src/documents.ts,tests/e2e/enrollment.spec.ts,עברו בדיקות יחידה/API ומסלול דפדפן רלוונטי; עיצוב נבדק חזותית. אין בכך השלמה של יתר סעיפי 3.0.
RULE-01,הנחיית משתמש בשיחה 09/10/2026,,תוספות והכרעות מאוחרות,"היעדר תביעות: אסמכתה מאושרת, כלל מוצר ואישור חתם לביטול אכשרה",TESTED,apps/api/src/enrollment.ts; apps/api/src/service.ts,tests/enrollment-api.test.ts,עברו בדיקות יחידה/API ומסלול דפדפן רלוונטי; עיצוב נבדק חזותית. אין בכך השלמה של יתר סעיפי 3.0.
UI-01,הנחיית משתמש בשיחה 09/10/2026,,תוספות והכרעות מאוחרות,עיצוב מקצועי לכל המערכת ולתהליך הצטרפות,TESTED,apps/web/src/styles.css,tests/e2e/enrollment.spec.ts,עברו בדיקות יחידה/API ומסלול דפדפן רלוונטי; עיצוב נבדק חזותית. אין בכך השלמה של יתר סעיפי 3.0.
DOC-02,סבב מימוש 3.0,,מערכת מסמכים,"תור הפקה ברקע עם lease, קובץ PDF קפוא ובדיקת שלמות",TESTED,apps/api/src/documents.ts; apps/web/src/components/documents-workspace.tsx,tests/document-artifacts.test.ts; tests/e2e/enrollment.spec.ts,בדיקות עברו; קטלוג 35 תבניות ועורך מנוהל עדיין פתוחים.
DOC-03,סבב מימוש 3.0,,מערכת מסמכים,"ניסיון חוזר מורשה למסמך שנכשל, ללא החלפת PDF סופי",TESTED,apps/api/src/documents.ts; apps/web/src/components/documents-workspace.tsx,tests/document-artifacts.test.ts; tests/e2e/enrollment.spec.ts,בדיקות עברו; קטלוג 35 תבניות ועורך מנוהל עדיין פתוחים.
DOC-04,סבב מימוש 3.0,,מערכת מסמכים,"מרכז מסמכים עם חיפוש, מצב הפקה וקישור לתיק",TESTED,apps/api/src/documents.ts; apps/web/src/components/documents-workspace.tsx,tests/document-artifacts.test.ts; tests/e2e/enrollment.spec.ts,בדיקות עברו; קטלוג 35 תבניות ועורך מנוהל עדיין פתוחים.
